-- phpMyAdmin SQL Dump
-- version 5.2.1
-- https://www.phpmyadmin.net/
--
-- Host: 127.0.0.1
-- Generation Time: Dec 27, 2023 at 05:04 PM
-- Server version: 10.4.28-MariaDB
-- PHP Version: 8.0.28

SET SQL_MODE = "NO_AUTO_VALUE_ON_ZERO";
START TRANSACTION;
SET time_zone = "+00:00";


/*!40101 SET @OLD_CHARACTER_SET_CLIENT=@@CHARACTER_SET_CLIENT */;
/*!40101 SET @OLD_CHARACTER_SET_RESULTS=@@CHARACTER_SET_RESULTS */;
/*!40101 SET @OLD_COLLATION_CONNECTION=@@COLLATION_CONNECTION */;
/*!40101 SET NAMES utf8mb4 */;

--
-- Database: `stocks`
--

-- --------------------------------------------------------

--
-- Table structure for table `depart`
--

CREATE TABLE `depart` (
  `id` int(11) NOT NULL,
  `departname` varchar(255) CHARACTER SET utf8 COLLATE utf8_unicode_ci NOT NULL,
  `status` varchar(1) CHARACTER SET utf8 COLLATE utf8_unicode_ci NOT NULL
) ENGINE=InnoDB DEFAULT CHARSET=utf8mb4 COLLATE=utf8mb4_unicode_ci;

--
-- Dumping data for table `depart`
--

INSERT INTO `depart` (`id`, `departname`, `status`) VALUES
(1, 'IT', '1'),
(2, 'ช่างซ่อมบำรุง', '1');

-- --------------------------------------------------------

--
-- Table structure for table `distributor`
--

CREATE TABLE `distributor` (
  `id` int(11) NOT NULL,
  `nametype` varchar(255) CHARACTER SET utf8 COLLATE utf8_unicode_ci NOT NULL,
  `status` varchar(1) CHARACTER SET utf8 COLLATE utf8_unicode_ci NOT NULL
) ENGINE=InnoDB DEFAULT CHARSET=utf8mb4 COLLATE=utf8mb4_unicode_ci;

--
-- Dumping data for table `distributor`
--

INSERT INTO `distributor` (`id`, `nametype`, `status`) VALUES
(1, 'jhhhh', '1'),
(2, 'jib', '0'),
(3, 'dฟหก', '1');

-- --------------------------------------------------------

--
-- Table structure for table `employees`
--

CREATE TABLE `employees` (
  `id` int(11) NOT NULL,
  `username` varchar(20) CHARACTER SET utf8 COLLATE utf8_unicode_ci NOT NULL,
  `password` varchar(20) CHARACTER SET utf8 COLLATE utf8_unicode_ci NOT NULL,
  `fname` varchar(100) CHARACTER SET utf8 COLLATE utf8_unicode_ci NOT NULL,
  `lname` varchar(100) CHARACTER SET utf8 COLLATE utf8_unicode_ci NOT NULL,
  `empid` varchar(20) CHARACTER SET utf8 COLLATE utf8_unicode_ci NOT NULL,
  `depart` int(11) NOT NULL,
  `status_emp` int(11) NOT NULL,
  `role_emp` varchar(10) CHARACTER SET utf8 COLLATE utf8_unicode_ci NOT NULL
) ENGINE=InnoDB DEFAULT CHARSET=utf8mb4 COLLATE=utf8mb4_unicode_ci;

--
-- Dumping data for table `employees`
--

INSERT INTO `employees` (`id`, `username`, `password`, `fname`, `lname`, `empid`, `depart`, `status_emp`, `role_emp`) VALUES
(1, '00001', '123456', 'กัญญา', 'รัตนเพชร์', '00001', 1, 1, 'user'),
(2, '00002', '123456', 'กิ่งดาว', 'ดารณี', '00002', 1, 1, 'admin'),
(4, '00003', '123456', 'กชกร', 'ดารณี', '00003', 2, 1, 'admin'),
(6, '00004', '123456', 'กุลณัฐ', 'กุลปรียาวัฒน์', '00004', 1, 1, 'admin'),
(7, 'admin', '123456', 'admin', 'admin', '00005', 1, 1, 'admin'),
(8, '00006', '123456', 'วรนุช', 'วงศ์สวรรค', '00006', 1, 0, 'user'),
(9, 'admin', '123456', 'อาภาพร', 'นคร', '00008', 2, 0, 'user');

-- --------------------------------------------------------

--
-- Table structure for table `products`
--

CREATE TABLE `products` (
  `id` int(11) NOT NULL,
  `productid` varchar(10) CHARACTER SET utf8 COLLATE utf8_unicode_ci NOT NULL,
  `barcode` varchar(15) CHARACTER SET utf8 COLLATE utf8_unicode_ci NOT NULL,
  `productname` varchar(255) CHARACTER SET utf8 COLLATE utf8_unicode_ci NOT NULL,
  `unit` int(11) NOT NULL,
  `imageproduct` text CHARACTER SET utf8 COLLATE utf8_unicode_ci NOT NULL,
  `status` varchar(1) CHARACTER SET utf8 COLLATE utf8_unicode_ci NOT NULL,
  `typeproduct` int(11) NOT NULL,
  `numproduct` int(11) NOT NULL,
  `dateinsert` datetime NOT NULL,
  `nameinsert` varchar(255) CHARACTER SET utf8 COLLATE utf8_unicode_ci NOT NULL,
  `dateupdate` datetime NOT NULL,
  `distributor` int(11) NOT NULL
) ENGINE=InnoDB DEFAULT CHARSET=utf8mb4 COLLATE=utf8mb4_unicode_ci;

--
-- Dumping data for table `products`
--

INSERT INTO `products` (`id`, `productid`, `barcode`, `productname`, `unit`, `imageproduct`, `status`, `typeproduct`, `numproduct`, `dateinsert`, `nameinsert`, `dateupdate`, `distributor`) VALUES
(16, '1234567890', '1234567890123', 'ยางลบ', 3, '', '1', 3, 31, '2023-11-26 17:41:40', '', '2023-12-27 16:56:55', 1),
(17, '1234567890', '1234567890124', 'ปากกา', 2, '', '1', 3, 21, '2023-11-26 17:42:10', '', '2023-12-27 17:03:54', 1);
INSERT INTO `products` (`id`, `productid`, `barcode`, `productname`, `unit`, `imageproduct`, `status`, `typeproduct`, `numproduct`, `dateinsert`, `nameinsert`, `dateupdate`, `distributor`) VALUES
(18, '1234567890', '1234567890125', 'เมาส์', 2, '/9j/4AAQSkZJRgABAQAASABIAAD/4QBYRXhpZgAATU0AKgAAAAgAAgESAAMAAAABAAEAAIdpAAQAAAABAAAAJgAAAAAAA6ABAAMAAAABAAEAAKACAAQAAAABAAAEYaADAAQAAAABAAAB9gAAAAD/wAARCAH2BGEDASIAAhEBAxEB/8QAHwAAAQUBAQEBAQEAAAAAAAAAAAECAwQFBgcICQoL/8QAtRAAAgEDAwIEAwUFBAQAAAF9AQIDAAQRBRIhMUEGE1FhByJxFDKBkaEII0KxwRVS0fAkM2JyggkKFhcYGRolJicoKSo0NTY3ODk6Q0RFRkdISUpTVFVWV1hZWmNkZWZnaGlqc3R1dnd4eXqDhIWGh4iJipKTlJWWl5iZmqKjpKWmp6ipqrKztLW2t7i5usLDxMXGx8jJytLT1NXW19jZ2uHi4+Tl5ufo6erx8vP09fb3+Pn6/8QAHwEAAwEBAQEBAQEBAQAAAAAAAAECAwQFBgcICQoL/8QAtREAAgECBAQDBAcFBAQAAQJ3AAECAxEEBSExBhJBUQdhcRMiMoEIFEKRobHBCSMzUvAVYnLRChYkNOEl8RcYGRomJygpKjU2Nzg5OkNERUZHSElKU1RVVldYWVpjZGVmZ2hpanN0dXZ3eHl6goOEhYaHiImKkpOUlZaXmJmaoqOkpaanqKmqsrO0tba3uLm6wsPExcbHyMnK0tPU1dbX2Nna4uPk5ebn6Onq8vP09fb3+Pn6/9sAQwACAgICAgIDAgIDBQMDAwUGBQUFBQYIBgYGBgYICggICAgICAoKCgoKCgoKDAwMDAwMDg4ODg4PDw8PDw8PDw8P/9sAQwECAwMEBAQHBAQHEAsJCxAQEBAQEBAQEBAQEBAQEBAQEBAQEBAQEBAQEBAQEBAQEBAQEBAQEBAQEBAQEBAQEBAQ/90ABABH/9oADAMBAAIRAxEAPwD9/KKKKACiiigAooooAKKKKACiiigAooooAKKKKACiiigAooooAKKKKACis26vLSxCPdyrEJnSJd5C75JDhVGerE8AVpUAFFFFABRRRQAUUUUAFFFFABRRRQAUUUUAFFFFABRRRQAUUUUAFFFFACHPagZ71jazrGn6Dp0urarKLezgAMkhBOzJAHABPUipLC/tdQ82WzlEscUjQsR0EkZw4z3wePrmq5Xbm6CvrY1qKKKkYUUUUAFFFFABRRRQAUUUUAFFFFABRRRQAUUUUAFFFFABRRRQAUUUUAFFFFABRRRQAUUUUAFFFFABRRRQAUUUUAFFFFABRRRQAUUUUAFFFFABRRRQAUUUUAFFFFABRRRQAUUUUAFFFFABRRRQAUUUUAFFFFABRRRQAUUUUAFFFFABRRRQAUUUUAFFFFABRRRQAUUUUAFFFFABRRRQAUUUUAFFFFABRRRQAUUUUAFFFFABRRRQAUUUUAFFFFABRRRQB//Q/fyiiigAooooAKKKKAMXVdV07RLKS/1W4jtbaLaGkkbCgscAc+pIH41jXHjbwjZvLHc6zaRm3iSZwZl4jk27T15zvX/vpf7wzJ4w0W38ReGtR0W5tI70XUDhYpQpQyYzH9/5chgCD2IBr5/8PfCXWFt5LjxRpkV5eap4f+z3cbvHLFHdxmLyIEDnH7pY1+cLgsu7OSKlvfy/yb/SxXVf11S/Vv5Hd2OteJtL169vfF3ijTbfw/HLPqNuPMhE8mnkCKJGG0BYUdg3mh2ZyVXjJB9K03xR4d1aC2u9N1K2uI7yWSCFopUO+aMM0kYGfvqFYsvUYOeleJeBfDXi268UaXd+NvDkNnYadocNlFmeG5AnjkgmBkUf8tRImRsUomwESNuGyzf+GfGWn67/AG5pelC7MfieTUFj82JN9pLpf2TzMlxj94SMctxu2mtmrPl8n+DsvvWpgpu3Nb+rXf3PQ9T1D4heB9KgtL3UfEFjbW17G80MslxGI5Io8BpA+cbQSBu+7kgdSKsSeOPB8GpwaPcazaJf3PlCOEzIHYzjMQxngyfwA8t/DmvnqbwD4yHwgj0mLw0sfjPR4ZLHTb2KeFLmAPHvE8UySqVXzsKy+aNwXzGT/lnXW+IPAniO+s/GxtLMtPrGraVPbKJVSOWG1FkZJdu5UEm6OXczKruFC8qI6Ek3r/Wq/R/ga69D6LooorMAooooAKxtW1rStAsn1LWbmOztYyA0krBUBJwBmtmvG/jP4X8R+J/Bmo2fhuKHUZ5LW4iOnXQjEVyZE+Rkkcfu54nAaJidnUNjIkjiUmldFxSb1Owbxr4STW08PHWLYalLjZB56bySvmAYz1ZQWA6lQT0qxa+LPDV5ZR6jaapby2ksy28cwlTy3mc4WNTnl2yMDvkY61xWqeEbs6H4dtrCwRLm21DTrq9C+WhPkBUkkJz8xVVA7kgACvMm8FeM7PUk0DSfDEFr4di8SwakssVxDG/kRmFhshHCxrhi3Jc7Nqx4YSDVxV2r9f1Wv3N29DBydlK2tvxs9PvS+80r/wAXeKdU1nSxc6r4ZGh3mtRiy8q5Mt3cQxSLsAEqrGJ8lS23P3lVeSGOvrPirVtS8fxaH4R8Z6RDZ3EL2UtobiF7yK9ik3zSQx7ZGkkjiVl2MQqk5IO0iuW074Va7p97rt1Bpsdta/2/p0mmW8JiRI9Pgu7e5uZQFIC7yp+X72Il2jmnaD8L/GllJBcXxkNvZa4Ps1mZ1eNLGK7lkjuiM7RI0bD5Rl+WLMWbbGR+y/PX5pflfXzQTv7zXnb5Nv8AE940/wAc+DtX1M6NpOtWd5egyfuYp0dn8o4k2AH5vLPD7c7Tw2KSfxv4RtoLy5udYtI4tOlENw7ToBFKzmNUbn7zMCoHdgV6jFeA+FfBPjyHWtF0vVLO9tbfRtU1O7+3Ge2a0jtpbae0to7OPz5ZV2rJGdhhiiXDfKOAcjUvhj8R5dW1++trC1i1B9Q0yS0vLSVLZLnCXFvc3bIvMcyxXBdhtOXX5c8UrbfL8Wl+A27X+f4Jv8T2XQviRaNBfa14k1bTINH+0G3sp4ZR+8kDSs0ZHmMdyxBSwKowYSZUKoJ7ebxVoX2Ke9tNRtJES2iu1bz18sxXGRBIXXf+7lKkKwBzg4zXFfD/AMEXHh3UfEEusob2R9Qils7248t5pV/s60tpZcjLKXkicNnBOO6kE8X4H8EeJ9H1DT9M1/QornSr3w7pmnXvmtC8cU9lJdyMpj3N5m4zKOFK853fLgzPSL9F+X+ZotNX/Wq/Q6nw14x8XW32Of4g3mgRWmoWL3UUum3UjhzG8Y3x+cFMkTLIvKr8rFRlvMGPSF8SaABbzLqNv5d7bvdwuZVxLbxhS8qHPMahlLN0GR6187+AvBHjSa48HaX448MQ2+leHvDj6YyvcQ3IaSUQCTzkHGQbVdqpvXDbjIGGyuatfAvxPvvC2maLf+GIrd9D8HXuj2qG7gn8y8uLeFcShj5YPmWyhV+ePa+5pAQUroklql5/rb8l944LWzf9afgfTUHxA8D3djearba7ZyWmniMzyidMRCX/AFZbngSfwH+L+HNQTfEfwDb2dvqd14hsYrS7MvlStcRqh+znE2STx5RIEmcbCQGwa5vT/BssPxBN/eWf2nSYtGsLWKW4cXD/AGizuZZFy0pMpdcqwc/xc53VxnibwDrM3hrxXPaaEl54huNQu5dJnSSKG5t0uUiXzoZvMjZCCuSN6Ftoz2rHT8/zt+O5Cu7X8vxV/wAHp6n0NZ3VrqFrFqFnKJre4VJI5EOVdGGQwPoQa0D0rL0pLyPTLRL5t1ykMYlPXMm0bj+ea1aUl2CLuk2FFFFAxNoqhdXdtY2st5dyLFBAjSO7HARVGSSewArQrlPEun6hqukTWulzRxXB/gmRZIZeOYZkIP7uQHDY5GciqgrtaiZVk8c+DoXtkfV7ZHv+YQZAC/zeX+H7z5Of4vl+9xVj/hKPD/k3tx/aEHlaaSLpjIMQFcg+Ye3II+oPoa8l0XwNrNt8ILzQptJitNdvBdgwq8ROx7uaWFfNBwQqyZXLcZPQ5qj418I+KpZ/FuneGPD0U2n+JIbYSSieKJy483zdkZIy5JG5mZNu7cvmMCte+sFhnN01PZtXbVmk0r/c2/Ox5ft63IpuO6TtZ72en32Oq8T+JNVv/ENtY+D/ABHp9ulsJYbyKd4yRLIUhjcDazFopJB+7BUMxVSRurt7Xxd4abUk8P8A9sW9xqKEwmIyJ5jSoMumF48xQCWUcj0ArybxD4Au7bxWZvD2jyyWt/JZzGaOWPyrecX8d1dvIssqyASLDFtESsMqflGeayeEvF58QyWUmnzmwbXYtQjm82EWEVtE8kvyx+eZRIxkwQsKgsATnljTo0KlNWklZeSfTfvu9N9BOrVjKT5evnbb/gJN7Js9qt/E/h++gS6tNRgkhln+zowkX55SMhFOeWI5A7gg9KqWHjXwlq1w9tperWt1LHG8pVZQf3cZw8g9VBIBYcDNfPOkaRrw1tNHm0qxsYJfEUV/LaxXcAkt0+yBTGYASCp2sVIbc2C3lha6Xw54E8UImj3eqWc8F7b217bXHm3hni/eQqIzHBvkihUtuULCoG0DIAwoJYGjG/NPzWq7N/pbTuaQr1Z1FHl0vZ77Xa/LU7nxrf6h4jitvDHhW50q6/tKF5bhLuUlzbkfu3hQRyLICefmG0gdCCcS+G/E+i+GfDGnQ+J9U0+zuX+0ALAY44dkUrAmNV4CxjAY9v4jmuT07Q/Eel2vhHxBceGWl1TSreSyu4rd7X7QYhHsiO+SZYyuRnb5pxu+tZ0Xhfxno0nhvVIdLupkgivfttrZTwJP5lxP5sMcplniikjUO4b5nAYnaOdwv2FL2apuSsn3V21frro7Kzt1RCqz/icrvZaWfVq/3a9eh7jN4h0a3ey8+8hT+0iPsuXGJc4wU9QdyjPqwHcV5neeKNS1Xxwum+HfFemLp0kfktB5kL3KT28m6cxpglm8tSuGIC5LYO3B5W7+HnjKPQvAunpbw3p0l9K+1RsYxJZNavEZmhk+XfGwU7lyTlVZc9Km8L/D7xbYHSrnU2Yx2epIqWpnV1is7ZJ4Y5uu0NKCpZVyfmO4kkhYpUMPTg5c6b1SvZ97O3yInWqzajytaJ9fmv67nt1t4n0C7tYL+21CGS3uJRDE4cbHkc4CD1Y9hXRj2HFfNkfhLxXZX9voth4fjg0K3177eskc8QIiDqU2xJ92NQSe7Ept2ruEg+k1PFeViKNOm1yO6fmn6Xt1PQpzcm01t/m9vK1vvJaKKK4ToCiiigDD1TXdH0X7P/a95FZ/bJRDD5rhN8h6KM96xR488GC9vNO/tyz+16esjzxeem+MRELJkZ/5ZkgP/dJGcZFed/GPwh4q8S2lm2gW8OrRJc2Rktp/KjktvJuUkN1aysBhvL3LKpb5kxtIIKydTr/g63v9e8OrBpsEmkWsmoG8i2RiLF5CyndGfv8AmMx3cHJJLU+l/UHvb0Ouj8R+H5YbO4XULfy79HlgbzABKkY3uy88hRy3p3rz2y+JNjqGv3UthrelTeGrG2+1XE4uE3xR4OJHbzPuMR8rbNhUH593FeM/8K8+IGs6LpPhDVfDy2Gl2Okarp6SRXULyeZeQyQh3AOEHChFTfkPuZo/LMb9/wCDfAHiiLXNJ1nxtH/aD3OnXpvIp5UuIrOa4ms5YrSPP3ki8lirBdu4E8ZFOKTfl/wH/l+JDk0l3/4b/N/cev6b4t8Na1FDcaTqkFytxO9vHslUkzxqZHix13hQWK9doz0rziDxj4zn1afVLe78P3HhddRgtEljvJPtJjnMcYRy6rEJizhkAYhwyqo+YSVi6p4W8ZWXi+48RaVpQvVHiVL5U86KPdaPoqWLyfMwxibcP73GQpFYGp+CfGVpqWp6D4e8Lwx+H7rxPp2qCWK4hiPlWi2cuY4PlUR+bAwclt/92Ns5BFar0X5q/wByb+40nov68/8AgH0Bb+K/DN5aHUrbVLaS1E8dqZhKmzz5SojjznG5jIu0fxblxnIqpb+OvB1zrH/CP2mt2cuoGWSHyFnQyGWIZkjAB5aMA7lHK45FeE6l4K8Y2mo6noXh7wvDHoF34m03VBLFcQxN5VstnLmO3+VRH5tuwkJbf/djkzkWNB+FPibSoLK5ubu8u2tNfkmis5J4vs1tp6XchiljUH/WNDh2OS7b2VhzgEdlzdbfK6X5Nv5IiTaTa6X/AF/yX3mvoXjXxrrHjaz0i71rw39mivLz7Vb6dctPcPbRRyqgzKq/NFJs84Lkhh1VcqfaovEegToHt9Rt5E+yi8yJUI+zPnE2c/6s4PzdODXzl4P+F3jfSX8NvqbyPFpOpyxx2rXCyR22n29je2kM3+9OXiLomSN3P8W2r4Y8IfEu1gtbbUPD0SA+F49EbzZbaWMS20c2wyIWkBDMY124ZSCSxGNtJ7adF+jf52VvMu3v+tvzt+Cu7nv9n8QfA2owXN5ZeIbGS3s1SWaQXEeyOKRsJI5J4RyCFb7rY4NXbrxf4YhUI2r2cMkjxxJunT/WTjfEOD/y0GGX+8K+dYvhp4zltYtQOmTyX9xo9xb3EWqanNeAXIu4GUqftTGJpI42lUQyqqOFG4Y3VqWXw21ZvhddabL4WtrW+gms7uzszP8AabvzbZYRIXuZ5pV81vLaOL98wWIRqX6hW4rXX+rtfkroyU23t/Vk/wA20ei6DrfjC3mdvHd3pllFpMMhvhbz+YXeVx5D4ZVMa7Q3Xli2MfLlofHXxGstH0/T7nQtc0iN7gxXUi3lyEEmntkGVGzgDOPmbah5XzFPNYI0Pxn4in8S6/8A2SdMa+e0VNM1Q2ssd7FbxMJIpvs7XCxxt5n7tw24OoZkMfytwvgj4PeLLW20ttZuLzSo7fw3plrPaW9xFsnv7YzCSGcoW8yNVIGPune3zHspuyb7fjo3+ljSGvz/AM7f8E+g/DOuSXFxLpOt6jaSa0TJcm0t5A/k25I8tc4RmwrKWbaOWHYjLL74jeA9NFu994hsbeO7gS5jZ7iPBt5OEmznAjbs5+U+teUab4Y13wVceD/Ett4Wm1O8tfD76ZqUdk1mLkXGLTy/Me4nhWRR5LLkSNjj+Hmub0D4N+KIIFttQu7q1t4PDWl2r29rcRiC71C3ilhmjl/iaNVWMYbCNvbrzhzSim1rb9L/AOS77k03zJN6Xt+Nr/c35aHXfEjxv410zWL3QPDWs+HNO8+0jFmby5f7alzMSqloyvkgSHAh3N8zA/K/3a+h1zsG7rXx3d/Cbx5PY+JLVTNBbXekRmO2W4jxe6jJpsViYpBnaFgMCspZsF344GT9iJkKA1ayio6J3Ji3KzatoS0UUVgaBRRRQBzGveJfD/hmGK48QahBp8dy/lxm4kEYc4LELnrgAlvRQSeBWVD8Q/AktzZW0Wv2TyakI2tgLiM+aJiViKHdyJWBEf8AfIO3NR+PfD9trmhO50SLW7+z+azRyqyRSH5DJDKxUxyBSTlXUnG3cM5riP8AhEPEU3ws0bTNQtRc+JzHoZ1KUvGZZZ7OaB5mklJ+YqFc53H/AGc5px137r8b/kGvQ9LTxZ4caea3/tS38yGdLdl8xcieRiix9fvFlZcf3lI6g1BaeNvCF9qU2kWWs2c97B5u6JZ0LjyDiXjPPlE4kx9w8NivAYvh/wCI4NfutOttCngjv/E0esS3yvYpYeRFMbgEbZPthkYHDB0YeaTgiM5ro9K+Hus29v4HtLvTh5Om6nqk99FJJG8cVvdwXcSKE3Mvlt5iDykG0A9Bg0JXSfX/AIC/VtfIzk7SaS0X+b/RJ/M9Ph+JPgK5sJ9TtvEFjLa27RRvIs6EB7j/AFI68+b/AMs8ff8A4c1x3iv4oabZWekat4c8Q6JJZzzuZ2uL2OMSW8EgSdopPmX92TtOSAGK/NxskfrPgkX/AIo8Q6hd6Bbatp0mj6bFZQTCLy5LuylvXCKG/wBWV85NsmBt3fKeDjg9V8CeM5/hLHGmlG78cQi/hsbxriMX9hHPNK9uUuml3YjHlBl848Dndjab5V+K/r/M1d07f1tf9beqPZfDHia1uNHuX1rWLGe908PPemCVfJtopGeRAXIX5I0Bj8xlXdsYkA5Ao+K9f8VZEvgW50Z7XTzJ/akuoXEiG3HkrLHtESsB8rCRt5HykY65HnvjXwv4hstZ8Xy+G/DEmop4w0KGwM1o9pAEvIzdgyXPnTQsQwuE+dFdvlPy9AdOx8L+OrfVfF2mwQRW9nqslvdwXE3lS287xWVpbNayw5aQxS+U4c4RgoGC2eJstbdvx6/5gtN/62/zf3HfeGfGdhq1lpUGp3tmusahEx8m3mDpI8ZYSGME7sfu2O0/Mu1geVNdZYajY6rA1zp9xHcwrJLEWicOu+BzHIuR3V1KsOxBFfM2geAvF+g6H4M1K28KWp8QaTquqyywm6hjSC0vPtxiQ3ChiYszx8KjsM/d649a+E+j65ovg+O38R2ZsNQnvb+7li8xXw95dS3BxseRQuZDtG9vlxnngW0ruxCbsr/1/TPVqKKKyKCiiigDPuLmC1hkubmQRQwAs8jEBAAMkknoAO9ctb/EHwPdWF5qttrtnJaaeIzcSidcRCX/AFZfngSfwH+L+HNM+Iul6hrfgLxHo+kW4u769067ht4nEZR53iYRg+b+7+9j73y+tcxYeDZIfiCb+7s/tOlRaNYWsUtw4uD9os7mWRcmUmUuuVYOf4uc7qN3Z/1o3+lvmObsrr+tUv1b+R0c3xH8A29nb6nc+IbGK0uzL5Uj3EaIfs5xNkk8eUSBJnGwkBsGn6z4u0e20G91XTtRsTJBAksZuJ/Lg3zpmAyuoZlWTjkKTjOAa8j8SeANbn8OeK57TQ47zxBPf3cmkzxyRRXVulykSmaGbzI2QgrkjzIy20Z7Vfv/AAX4m1m+8UaNrOkxX+n67o9souZniMYvbeMoo2kmTdubdu2gLtBVt3Aly/d3W+n4q7XqtvUI/Eu13+Dsn89/Q6vw74k8V2Uso+I9zotpBHZC882yuW2KkZ/eSP520+TyCr4AXGCTmulj8e+CpNKuNa/t2y+wWbpDPKZ0VIpJMbI3yeGfcu1Ty24YzkV4hqXhnxp4t0y7Wfw1caW0WhR6aiXctmZJbjzY2LxGGeZV8sR5DMUYNtK8jjrtV+Hms6t4o8U3EDGyivLDSVsLwne6Xdk11ubIYSggSKC24MQx2t1rado6vz29X+hlCTej8vyX63udLp/xD0CGxudZ13XdOSwlvZobOWKcY2RoD5bjOfNXDl1/hAycYrpZfGHhSDcs2sWiBLX7aWM6YFtguJi+ceXtVm3dNoJ6A1wfww0bXmi1bX/GmjDTtX1C8WZVlMEsif6Da28pDQtIAryQtwGyQBkDpXiD/DDxpp/h19Pj8Nz3Oo6n4Ns9AElvLp/lQXKW80Mou3mkWXapkQ5t94ZVPykgAzy20vsl+T/VfiawfNq9Nf1/RH0d4o8eaLYpNoula5p0GvSeUsEVzOgUSTkeWH54MgPyA8tkbc1vW/jLwrdazP4ftdXtZdTtxIXtxOpkHl48zjPWPI3D+HIzjNfP+tfCDxNcQeOZYL28cX4B0+xjnRLa4kNjFFJJIpPJ85fl8wjbsXHv694i8JLfa54Z+w2Ef9nWl5ey3iqkYjAu7SeNmKH72+ST5uDksSe9DVlpvYyU2912/wCCcR4W8c3t/rurX2oeMtIuPDljNcX6mGeFpf7PZfLiEnyqqwK25vODuXIUZHzA+sW/jPwrc6RPr8Gq20mnW8nkyTLICqS5A8t/7r5YDaeeR615H4T8F+Krfxsmn+KbI6houjWl7b2t7OYpIrmO5ls5oVEZeSUNE0Thtyqo2r5fy4Ak8TeCPFt7B45l021huP7U1BLiGyuvKMGoRDT7SHljuMUkc0TGJjjDKMjaQwUtIprtf8ba+dtTamuZtPTX+rHvNvc217bx3VtIssE4DI6EFXQjIII6gir2B1rivAem32i+CdA0nVEMV3ZafbQTLkHZJFEqMMgkHBB5BxXbE4pzVm0ZwbklJq1xaKKKkoQ9KwtY13SPD9l/aWu3cVpbb0j3zOEG+Q7UUerMTgAda3q5LxVo1hrmiXFvfaTBrTQgzQWtwiFXnjBMeDIMK27o38Oc0noUlfQyJPiV8PVgtrt/Emn/AGe+LiGQXMZjYRsFYhs4wrkKx6BiFPNbcvijw3b3d3Z3OqW8UtmUWdHlUeWZCoQNkjBbzE4/2l/vDPkEPgvxNc/BPXNB1O1Nx4nvdN1Wyh86RHuDFK85tIHnd5OFWRB80jAdz1Ncv4h8B+J38QeJodO0Cdz4n1HS5xfRPYrZxwW32QyPOXdbvzFMD8KjocrgZJI3Vr8r/rUi75VL+un9fI+hb7xX4b026uLO/wBStreWyt3uplllSPy4ExvkbJ4VcgsT0yPWqdr4+8F3qQTWuuWki3E/2VcSrn7R8v7rGch/nXg/3l/vLnzKXwH4huPi/Z6zrVhbaroYsdRja9kEQnP2iW1eK1uI8L5giMb+S4U/JgSYkG+St4w8B6zfP4j1O00aPUbw69o2pWGXhEjx2ZsvPKO5/dnbFIOcE475Gc4pe75/hrb8tS+tke721/Y3d1d2trcJNLZOI50RwTE5QSBHA6EqwOD2IPetT0ryD4aaZ4rtdS8W6x4t02PTLnWtQS4CwzrPGUitorZdjjDEbYQdzKhJJ+Rcc+vdqmSsSPooooAKKKikG9SoJXI6jqKAOSvPGnhOxN99r1a2ibS2jW5DSqDEZn8uMH3dvlUd2+XrxT7Dxn4T1SWyj0zWLW6fUw5thHKjmXy924Jg8lfLbI6/K39048q8I+BPEGnfEvXNX8TWFre2clnp6W+oKIhJeXFvNcP500Kqvl3EaSIGZRtONy4z5aZN14J8T2Fzomu6Z4fhvdX03xLqt5lpooCLO8jvRGzzfMwjZpoyyqrsM58ssKpJaX/r+tyn1t0/yv8A8D5nr2pfEHwPo6h9T8QWVqha4BaS4jQA2r+XNk548p8I2ejEKeTWh/wlnhgzSxHV7RZIBEZVM8YeNbggRFxnK+YWULn72RjrXzpdeAPF8vwyvpYfDaxeOrm71Oa1uI54UubB9Qmkud8MySJhFkZRt835gNzA/wCrrpNa8EeJbz4o/wBuL4es7i2ka0khvnuJhFH5TQmVri1+0BZZ8K3kkW/DLEWkG3iopaJ/1oZydrtfL77Htdr4o8N3lrLqFnqlvLbW8wt5JVlXYsrlQsZOfvHzF2jvuGOopLXxR4bvLWa/s9Ut5bW3mFvJIsqbFlcqFjJz94712jvuGOorw3UPCGv6dqHiTw1oXhiQafruuaZqcF5bPaRWcEVuLPz/ADEaVZg263kOEhfduHPJ2pqPhDX9O1DxJ4a0LwxINP17XNM1OG8t3tIbOCK3Fn5/mIZVmDbreQ4SF924c8nbMUna/X89P82aS0ufTlFFFSSFFFFABRRRQAUUUUAFFFFABRRRQAUUUUAFFFFABRRRQAUUUUAf/9H9/KKKKACiiigAooooAKKKKACiiigAooooAKKKKACiiigAooooAKKKKACiiigAooooAKKKKACiiigAooooAKKKKACiiigAooooAKKKKACiiigDjZ/B+gT+Io/FX2YDVI8fvUd03kK0YMiqwWQqkjBSwJUHiuvH8qMAc0EYqnNytzO9tvQSik20PoooqRhRRRQAUUUUAFFFFABRRRQAUUUUAFFFFABRRRQAUUUUAFFFFABRRRQAUUUUAFFFFABRRRQAUUUUAFFFFABRRRQAUUUUAFFFFABRRRQAUUUUAFFFFABRRRQAUUUUAFFFFABRRRQAUUUUAFFFFABRRRQAUUUUAFFFFABRRRQAUUUUAFFFFABRRRQAUUUUAFFFFABRRRQAUUUUAFFFFABRRRQAUUUUAFFFFABRRRQAUUUUAFFFFABRRRQAUUUUAFFFFABRRRQB/9L93/7S1D/n1i/7/P8A/GqP7S1D/n1i/wC/z/8AxqqNgzPY2zuSzmNCSTyTgVbq7CuP/tLUP+fWL/v8/wD8ao/tLUP+fWL/AL/P/wDGqZRRYLj/AO0tQ/59Yv8Av8//AMao/tLUP+fWL/v8/wD8aplFFguP/tLUP+fWL/v8/wD8ao/tLUP+fWL/AL/P/wDGqZRRYLj/AO0tQ/59Yv8Av8//AMao/tLUP+fWL/v8/wD8aplFFguP/tLUP+fWL/v8/wD8ao/tLUP+fWL/AL/P/wDGqZRRYLj/AO0tQ/59Yv8Av8//AMao/tLUP+fWL/v8/wD8aplFFguP/tLUP+fWL/v8/wD8ao/tLUP+fWL/AL/P/wDGqZRRYLj/AO0tQ/59Yv8Av8//AMao/tLUP+fWL/v8/wD8aplFFguP/tLUP+fWL/v8/wD8ao/tLUP+fWL/AL/P/wDGqZRRYLj/AO0tQ/59Yv8Av8//AMao/tLUP+fWL/v8/wD8aplFFguP/tLUP+fWL/v8/wD8ao/tLUP+fWL/AL/P/wDGqZRRYLj/AO0tQ/59Yv8Av8//AMao/tLUP+fWL/v8/wD8aplFFguP/tLUP+fWL/v8/wD8ao/tLUP+fWL/AL/P/wDGqZRRYLj/AO0tQ/59Yv8Av8//AMao/tLUP+fWL/v8/wD8aplFFguP/tLUP+fWL/v8/wD8ao/tLUP+fWL/AL/P/wDGqZRRYLi/2hqA/wCXaL/v63/xusLxH4wg8JaNc+INfEVrYWKh5pd8j7ASB0SJieSOgrcxmg+1aRsmnJXXXp+Ov5MiV3F8r1/r0/M8E/4ax+D3/Qbi/wC/F9/8i0f8NY/B7/oNxf8Afi+/+Ra96wKMCvb9rl//AD5l/wCBL/I8j2WP/wCfsP8AwF/5ngv/AA1j8Hv+g3F/34vv/kWj/hrH4Pf9BuL/AL8X3/yLXvWBRgUe1y//AJ8y/wDAl/kHssf/AM/Yf+Av/M8F/wCGsfg9/wBBuL/vxff/ACLR/wANY/B7/oNxf9+L7/5Fr3rAowKPa5f/AM+Zf+BL/IPZY/8A5+w/8Bf+Z4L/AMNY/B7/AKDcX/fi+/8AkWj/AIax+D3/AEG4v+/F9/8AIte9YFGBR7XL/wDnzL/wJf5B7LH/APP2H/gL/wAzwX/hrH4Pf9BuL/vxff8AyLR/w1j8Hv8AoNxf9+L7/wCRa96wKMCj2uX/APPmX/gS/wAg9lj/APn7D/wF/wCZ4L/w1j8Hv+g3F/34vv8A5Fo/4ax+D3/Qbi/78X3/AMi171gUYFHtcv8A+fMv/Al/kHssf/z9h/4C/wDM8F/4ax+D3/Qbi/78X3/yLR/w1j8Hv+g3F/34vv8A5Fr3rAowKPa5f/z5l/4Ev8g9lj/+fsP/AAF/5njvhv8AaL+G/ivWrXw9oOqRXeoXjMIYvLu03kAn7724UcA9TXsp1C/PW1j/AO/7f/G6Z+FLXmYiVCck6EXFebT/ABSX5HoYdVor99JN+Sa/Nv8AMf8A2lqH/PrF/wB/n/8AjVH9pah/z6xf9/n/APjVMorjsdVx/wDaWof8+sX/AH+f/wCNUf2lqH/PrF/3+f8A+NUyiiwXH/2lqH/PrF/3+f8A+NUf2lqH/PrF/wB/n/8AjVMoosFx/wDaWof8+sX/AH+f/wCNUf2lqH/PrF/3+f8A+NUyiiwXH/2lqH/PrF/3+f8A+NUf2lqH/PrF/wB/n/8AjVMoosFx/wDaWof8+sX/AH+f/wCNUf2lqH/PrF/3+f8A+NUyiiwXH/2lqH/PrF/3+f8A+NUf2lqH/PrF/wB/n/8AjVMoosFx/wDaWof8+sX/AH+f/wCNUf2lqH/PrF/3+f8A+NUyiiwXH/2lqH/PrF/3+f8A+NUf2lqH/PrF/wB/n/8AjVMoosFx/wDaWof8+sX/AH+f/wCNUf2lqH/PrF/3+f8A+NUyiiwXH/2lqH/PrF/3+f8A+NUf2lqH/PrF/wB/n/8AjVMoosFx/wDaWof8+sX/AH+f/wCNUf2lqH/PrF/3+f8A+NUyiiwXH/2lqH/PrF/3+f8A+NUf2lqH/PrF/wB/n/8AjVMoosFx/wDaWof8+sX/AH+f/wCNUf2lqH/PrF/3+f8A+NUyiiwXH/2lqH/PrF/3+f8A+NUf2lqH/PrF/wB/n/8AjVMoosFx/wDaWof8+sX/AH+f/wCNUf2lqH/PrF/3+f8A+NUyiiwXH/2lqH/PrF/3+f8A+NUf2lqH/PrF/wB/n/8AjVMoosFx/wDaWof8+sX/AH+f/wCNUf2lqH/PrF/3+f8A+NUyiiwXH/2lqH/PrF/3+f8A+NUf2lqH/PrF/wB/n/8AjVMoosFx/wDaWof8+sX/AH+f/wCNUf2lqH/PrF/3+f8A+NUyiiwXH/2lqH/PrF/3+f8A+NUf2lqH/PrF/wB/n/8AjVMoosFx/wDaWof8+sX/AH+f/wCNUf2lqH/PrF/3+f8A+NUyiiwXH/2lqH/PrF/3+f8A+NUf2lqH/PrF/wB/n/8AjVMoosFx/wDaWof8+sX/AH+f/wCNUf2lqH/PrF/3+f8A+NUyiiwXH/2lqH/PrF/3+f8A+NUf2lqH/PrF/wB/n/8AjVMoosFx/wDaWof8+sX/AH+f/wCNUf2lqH/PrF/3+f8A+NUyiiwXH/2lqH/PrF/3+f8A+NUf2lqH/PrF/wB/n/8AjVMoosFx/wDaWof8+sX/AH+f/wCNUf2lqH/PrF/3+f8A+NUyiiwXH/2lqH/PrF/3+f8A+NUf2lqH/PrF/wB/n/8AjVMoosFx/wDaWof8+sX/AH+f/wCNUf2lqH/PrF/3+f8A+NUyiiwXH/2lqH/PrF/3+f8A+NUf2lqH/PrF/wB/n/8AjVMoosFx/wDaWof8+sX/AH+f/wCNUf2lqH/PrF/3+f8A+NUyiiwXH/2lqH/PrF/3+f8A+NUf2lqH/PrF/wB/n/8AjVMoosFx/wDaWof8+sX/AH+f/wCNUf2lqH/PrF/3+f8A+NUyiiwXH/2lqH/PrF/3+f8A+NUf2lqH/PrF/wB/n/8AjVMoosFx/wDaWof8+sX/AH+f/wCNUf2lqH/PrF/3+f8A+NUyiiwXH/2lqH/PrF/3+f8A+NUf2lqH/PrF/wB/n/8AjVMoosFx/wDaWof8+sX/AH+f/wCNUf2lqH/PrF/3+f8A+NUyiiwXH/2lqH/PrF/3+f8A+NUf2lqH/PrF/wB/n/8AjVMoosFx/wDaWof8+sX/AH+f/wCNUf2lqH/PrF/3+f8A+NUyiiwXH/2lqH/PrF/3+f8A+NUf2lqH/PrF/wB/n/8AjVMoosFx/wDaWof8+sX/AH+f/wCNUf2lqH/PrF/3+f8A+NUyiiwXH/2lqH/PrF/3+f8A+NUf2lqH/PrF/wB/n/8AjVMoosFx/wDaWof8+sX/AH+f/wCNUf2lqH/PrF/3+f8A+NUyiiwXH/2lqH/PrF/3+f8A+NUf2lqH/PrF/wB/n/8AjVMoosFx/wDaWof8+sX/AH+f/wCNUf2lqH/PrF/3+f8A+NUyiiwXP//T/dHTv+Qfa/8AXJP5CrdVNO/5B9r/ANck/kKt1oZhRXkPxf17RYNEbwfqokLeIYZYwyyw26RRRlFeVpbiRIxtkkjC9WZ3X5Sua5z4feMPDGjvo2i2FlqjS+JLi4gkurtIzi7so5IjFJJD+6+WO1IXZ8pAUrnLGnBc1weiufQNFeTR/GDQpNXs9MOn3scV5eahYpdNGBAk+nGfzAXztG4W7lcsDtK8dcZtn8arPU/CqeMNJ8PaleackFzdXDKIgIIrN9sgyzqrSZDbUHzfI27HGSOv9f12Llo7Pc9rorxjxT8bfDfhPVHsNSt5EjjWJi8k9tBLLHIATJBBLNHNOsYPzmNOxVfMYEDUm+Kmmw63Ppr6ddC0ttRg0ua6JiAju7jb5WYWfzhGxZUVvL+bIZQY/mqnd2Xf/gL82jPnVr/1/Wh6nXDeLfF914YvNNt4NGutVXUPPUm2Qu8bRx7kBAVuHbCbiwRM7mO2uPX44eHwLRLnTr60ubvVk0fyJowkqTyLEwYox3YxMg+p78E+fXUmj+IDeeMtQ1XxJbpbeJdLt2026MaRRXDzWvkoIsRt5P7xCwLn5t0i7mwSQ95pdHb8bf5ocnb+vX/Jn1NE0jRI8yCNyoLKDnB7jPepKKKgAooooAKKKKACiiigAooooAKKKKACiiigAooooAKKKKACiiigAooooAKKKKACiiigAooooAKKKKACiiigAooooAKKKKACiiigAooooAKKKKACiiigAooooAKKKKACiiigAooooAKKKKACiiigAooooAKKKKACiiigAooooAKKKKACiiigAooooAKKKKACiiigAooooAKKKKACiiigAooooAKKKKACiiigAooooAKKKKACivDP2jfGms/D74S6x4t8PyvDf6e1sUKkDO+4jTB3hkw2fm+X5hlVIY5HnP7M/j74ratq/if4dfF2KNNZ8MLbTGRHWUul6DIqFkLKdoH949QvGOdKcHNNrp/wP80E3y2v1/4Y+uaK8Xm+LN8msDw5D4faXVDd3lr5P2gAAxW32m3Jfy9o89c8Hptbb5m3mloOr3l9qsuveHLS61G71PT7DU4rW6vRFZ241AMG5SF5AFFv12u3zbVVVzULXXp/nt+oPS/l/wAN+Z7rRXlml/E6HVn05YNOYJqSWDITIMp9thmmHGP4fKx975t3bFUYPiT4gkj+xXXh+K01iS8isls5LuQhJJYpJh5siW7KB5a9YVmTJO5gqmSi26+X9feF/wDP8/8AJnsNFc9pHiBNa8P22t28TRG7QbYmIJEmdhXKddpB59qy/E3i8+G7rTLNLYX8l5PBDMqzokkKXEghSQI33g0hUdlHPPQE62Dpc7WivKl+IWtW8sdrq2gC2nGoWdpcLHdicQR3+EhYny13NuYB4xwOWVm4z5342+JFzqE0dmdK1GztLKTUJlvbW4EQkk05riMx5eGRdrCLLd13quD1os3t6fr+QXSV3/X9WPpmivFovibcW91qGiaZoy3I0v7RbwKt4fNMlmBkS7o9qho+VkjeY/wsA2RVnUfis8FgtzpulNcyy/YxCrvJl/tMBnxsghnmJVQeEifoWbCgkGnTy/Hb7w8n5/hv9x68zBFZ26AZNYPhvxRo3iyw/tPQpTcW2du7Y6DOMkZcc7c4bH3TxXluo/Eh/EPhq4fT7K7topINPkmmgnEFxBFeyyxyFC8bMDH5WOm5tw/1eMjKtfFZ+Hb3/h60E+sSf2jcKJdTvXMjiK0t5nRWWCRs4YlQ6hMg7pBkCq2bT6f8D/NBzXtb+v6sfQ9FeSaz8VLfTbtIbew+1289mJlm89UIuCYgIJkUO0e1Z0dn9G+VTXKfDvxhBAbK2sYLzULfUb37G13dXIl8hDCbmAKnlxsQ25w2Vyu07mZRHlcrvZhdNXX9aXPoaiuc0bxAus+H4NbSLyDc5Cx5zzuKgZwvpXJ+N/iRF4JurSwltBdz3EJkGZPKDvnaFT5ZPvYbk4A455pc0R+Z6fRXlsHjzX7rV5dMtPD6/vYDdWHm3ex7uJDEDIcQtFHGpkXcPNMu35vLLYWsbUPi5c6bHGbrSIUlgF2btTeHP+hSFZxa/uf35UKXUP5OR/tBgHZ3t/X9d+xPMrc/Q9rorwm5+M9za+ItR0qbQGGn2EF7Mt75r7HeyOJIyWhWHK4Jby5ZWQDawEmYxs6H8ULvVp9Oil0hQl5eC0lnguDLFGZbVb2Bk3wxSsGjkG7MabCG68ZSV9v6uPa/l+m567RXkF98U5ra1ivbfSRJEkN5d3G+cgpbWdx5Ehi2RssknQ+W7RKc/KxwcX9R8b+LLO7vtOh8Lie7iUT28YvRl7bzTE8s2yNvLPG9Y084spHRsgHZ9/03C+/9bnqFFeT23xOlvJrS0sdGlu5L+0t7uB4nItnS4Ukfv5VjVS3AVJNrsc/KFGTymo/GC41LRNTSw0qeOS20k3txJb3KLJAUcCdY2aFlLRIwkU7SWyP3YyKLO9uv+QXX9eZ7FonirRPENze2ulTvPLp0rwzjYwEciOQUJcbc8Zx97bhu9dDXmXw+sYdIu/EunJf31+La9iUy6hcm4fm0hl+QuFwPn6c/MC3fAzPi144u/B/gefVf7HuNVivN8Uv2dzF9mt5EOZWkVZGBx93C9SOnWh6LTyCOp7BRXxz4c+L1n8P/AApEkOmX2ohDqjTtqN7H9oMGiObeQRrFDt8xYYRIqbIU6/vCxJPrF18ZBZalLps2iSb49TtLEDz1BeO8hkmjl+cLGCwT7pbHzDcwbIFuNv6+X5kxl38/w3PbqK+YtP8A2kEvtM1C5bw5LHd28VhcW6efJ5U8GoTNDERI8CtIdy/8u8U6vkeUZKc/7SMDaWmo23hyd5LW11G7v4pJHiMEGlzeTP5e+HdJJk5VJlgyOGIbijkexXMv68z6brjLjx5oNv4wTwIfOk1eSKOcRxxkgRSeZ+8JXoq+WQxPGSq8scV5jqHx4trDX28Mto0kmoyagllDCJxmSOWJZYpc7fLj3bkCiRgPm/1m75awfhnNBqXjvTNbGq6zdz6rpd7fSW97qBuLSLN1HF5ccHlxKoUg7CFTgFWG7oo6tX21/BXIc0l934ux9P0V8y6F8UvHvi59D0vw9/Z9nf8AiT+2L2OW9gllitrDTrlbaOLykkiaSaTzFLHcAvzcHgVs/DD4ua1498TwaTfWVvaW50YXsojLyOLuO+ntJgsmdph/cZj+Xdz1qVBu3n+l7/k0W2lfy/Vq35p+h9A0V87af8Wtd8Q+LvGfhPT0t7OKwt7g6HdkF/tE+n4jvPNTOCsc8kceBg7d3PevXPAfib/hNPBGheLvI+znWbK3vDH/AHDLGGI/4DmqUbrmW2n43t+TBuz5euv4W/zR1tFFFQAUUUUAf//U/dHTv+Qfa/8AXJP5CrdVNO/5B9r/ANck/kKt1oZnCeLfAOjeMtX8P6lrEUVxHoU8s3kzQiUS+bE0eDvO0bWKycqfmUdG5HOXXwtu/sWn2uka2dMk0/WbzVY5oraN3RLxbhDEqyFowVFwdrlWHyj5ecV69RQH9fg1+rPC4vgy03h3RPDmsay14mmatLqlxIsGw3YuI50nik3SNgSmdy5JOVLKoCkbeyh8BeT4K1zwat7n+2W1VvO8r/Vf2pNNNjZ5nPl+bj7w3be2ePQqKcndWY02mmun/B/zZ8sfEew0/wAM6nq+na1qdxFZeL9MFsuyzUwfabeNVj/fPMqmTCsUiCgnf1OOPVr74bi8tLm1/tDZ9o1221ot5WcfZ5YZfJ/1nO7yseZ/DnpxXqBAPVc0tVu1Lr/wU/zSMvZq3L0/4DX5Nnj9x8Jba51vWdefUWNxqup6ffKHiyLeOya3ZoU+brObcbpP93g7eaOrfCbWNU1y71KHxM0FlcavbaqbIWkZiZ7aOFAHbfvZlMCsp3bRn5o3YAj26iiN42t0/wCB/kvuNmr3v1/4P+YUUUVBIUUUUAFFFFABRRRQAUUUUAFFFFABRRRQAUUUUAFFFFABRRRQAUUUUAFFFFABRRRQAUUUUAFFFFABRRRQAUUUUAFFFFABRRRQAUUUUAFFFFABRRRQAUUUUAFFFFABRRRQAUUUUAFFFFABRRRQAUUUUAFFFFABRRRQAUUUUAFFFFABRRRQAUUUUAFFFFABRRRQAUUUUAFFFFABRRRQAUUUUAFFFFABRRRQAUUUUAFFFFAENxbW93EYLqFZYz1WRA4P4PQltbRTPPHEqSy4DsEAL7OmT3qaigDmY/BvhqLVJdajslS/nuxfNKHbL3AgNoHPP/PElMdOS2N3NU/DHw/8IeDZZJvDlh9kknhit5GMsspeOIYjBMrMx2jhT1xXZUUAeeP8KfAEk1pcvpSmWwit4IW82XIjtjmAf6zny8naTzWzb+CvDNrqMmrW9mEupbv7e0m+TJufKaHzCN23/VyMMfd5+7wK6qigr+v6+9mbYaRp2l2tvY2EZigts7F3EgZJY/eLN3P51V1jw1omvzWE+r2yzS6ZOlzbtko8csbBwQVKtjIBYH5WwNynFblFBPkc1qnhDw/rIuV1G2aT7ZLbzSlZZYyZLYgxHKsuNpUcDg/xZrGPww8EDRbTw9FpzRadZNI0UMU80QHm58xCVkVmWTJ3Rnch9K76iiOmwS13OFvfhv4N1Ce7nvrOSf7b5vmxtc3BizcY80pF5nlqW2jcVUN19TnjfCvwl0/TvNtNb0+zNla3Ftc2KWr3CeXLaebHG+xn2RhYTGNkbbS28tljk+2UU46bf1bb7gav/X3/AHnDn4b+Ct07jTcPcWn2GRlmlBNv5hlCgrJuBVySrj51b7pps3w38JXFt9mkhuiDJLI0gvbsTubhRHJvmWbzZA0aqMFiPlXjgV3VFIDjNW+HfgzXJfP1LTVkkNk+nFleSIm0kxmM7SuduPlJ+ZcnaRk5mv8AwH4T1KJ4LqwBiaWKcqkkkSb4ovJXhGVdvl/Js6EfeBrraKJa7hHTYxNF8O6P4e0y10fRrf7NZWGfJiBLhMkv/EWbuaj1LwvoOs6hFqupWonu7e3nto2Z3ykVzt84AKdoLbQM/eUZ2kZOd+ih+9qxL3djnrbwnoFrrEWvwWgTUILMWKy73JFsCH8vDHb1AOfve9YZ+GfgptCt/DQ07ZplpM9xFEssyYkkDCQmRZNxEgkYMCxVgxVlrvaKu73/AK7/AJjsrW/rt+RxA+HPgpRfhdMUDUZLuW4XzJcSPeptuDjdxuHp/wABxUkfgDwwtlLYrHcFJbpLx5Wvbo3HnxoIw4uDJ5o/dqE4bGMr3NdnRUB/X37nBR/DTwXAsqx6dzc2T6fIxmmMj20jb5FLs24ln5Z928klt1bmqaN4e1Ke5XU41eW8tTaSq0hQvbyP93ClfvE9Rzz1qxrpv47B59PdhLHztjQOX/gxh+nXr7d+lc7fJrAvp50gaYWryeUwhUylDDvAVmDY2yDGdvcLT338/wDg/fcdrbEVr4J8D6VrOnS2lkY73T4I4bdVeYokUQ8pCY8tFuUABZGXftHXirUfw88GRafPpEOniO2ube5tZI1lkBMF42+cZDbssxzu3ZH8LCi3TVfPt5bzzpXNw+G8vBjSSEYOOwUnHf5qesmqzW7yqZoryC3QM3kH55EJyADtU7vZvxqml18/x3/4JK/y/wCB/wAAt6H4N8O+G4byDRLT7MmoS+dcYdnMkndyXLct/Ef4q0dd0LSvEujXmga3D9osL+MxTRgtGXR/R1KsD7hgRXPNqWuRCdPs9w5CkqRGCMmBSO3P7wMP941bnOuxRy7JZnMU0aALECZEdIyf7uApLc87ffFJq+jEtFoctdfBL4bXum22kT6dMbe2W7Qbb+8SWVL2TzJ1nkSZZJ1lYAuJmdSa43Vvgrph+Ill4m0rQtPNpJdJd3U7PMlzHJGJFONkm1g3mH5PuZ/h3DJ9i0m81Oa78m8SYInn4eSLYCA6+Wfrjd/hVm8uLhBp0/71kE583y4pAdnlyJyvztjOOvtVdmDSaaPMNY+BngT/AIRa70LQNHhjke0itYFmnuXiCW87XMKkiTcNszMcjnnnIGKXwz8J9FuNHv28Y6PAl/q41OC4W3uJyhttRuPOlXPmcFiFLEfdP3SFruV+0Ty6j50lxEkhJjIguN4TavIP3fXgLn/gVVY31iKaK4topQiRyRbcSbCS2BJsb5hzg4P3Vz/DSTd/X9d/v69yv0f5bfd0HSfDTwRLqkmtvpam+lns7hpvMkDmXTxi1P3uignj7rZO4GoPC/ws8BeC9Vk1vwxpS2N9PE8LypJK5dJJPMO7czZOe55AAVflAFX9PF5aTaesoup5BazqwbzCjuHXbuLfKGbB5NZsDaqzTtqtveJGZXcqMud5hXAURSN+7U7tv8O7H8WaLvf+uwWWhUm+EHga4tUsZre4Edvd3N5btBd3FpLbPeEmdIp7eSKVY5CWLR78c9NoADZPg18Pmu7C9tLK406XTbSOxgOn6he2QFtE5ZI3FrPGsg3Mx/eKc5+bNXQmseUPOFw12C/2plEmwxZXiMpwTt+7s5+961MVvzJKyJchCf8AQhsk4Pm87/QdPv8A8GVpq6dkyHZpt/11/PUwF+Bnwwt4QdK0ZdLuxHcp9ttndLxheBhP5k+WeXcGP+sZ8HDLhgCPUNN02x0fTrTSNNiW3tLKJIYY06JHGAEUf7oArjWW+/s284uhKLQ+ZsEoL3OTjy9nzHnP3ONuP4a7uJ/MjR1yAQD8wIP4hqXM7f1/X/Dmttf68iSiiioJCiiigD//1f3R07/kH2v/AFyT+Qq3WfpzN9n0yHtKqKfp5RP9K6T7HD6t+daE2MuitT7HD6t+dH2OH1b86Vx2MuitT7HD6t+dH2OH1b86LhYy6K1PscPq350fY4fVvzouFjLorU+xw+rfnR9jh9W/Oi4WMuitT7HD6t+dH2OH1b86LhYy6K1PscPq350fY4fVvzouFjLorU+xw+rfnR9jh9W/Oi4WMuitT7HD6t+dH2OH1b86LhYy6K1PscPq350fY4fVvzouFjLorU+xw+rfnR9jh9W/Oi4WMuitT7HD6t+dH2OH1b86LhYy6K1PscPq350fY4fVvzouFjLorU+xw+rfnR9jh9W/Oi4WMuitT7HD6t+dH2OH1b86LhYy6K1PscPq350fY4fVvzouFjLorU+xw+rfnR9jh9W/Oi4WMuitT7HD6t+dH2OH1b86LhYy6K1PscPq350fY4fVvzouFjLorU+xw+rfnR9jh9W/Oi4WMuitT7HD6t+dH2OH1b86LhYy6K1PscPq350fY4fVvzouFjLorU+xw+rfnR9jh9W/Oi4WMuitT7HD6t+dH2OH1b86LhYy6K1PscPq350fY4fVvzouFjLorU+xw+rfnR9jh9W/Oi4WMuitT7HD6t+dH2OH1b86LhYy6K1PscPq350fY4fVvzouFjLorU+xw+rfnR9jh9W/Oi4WMuitT7HD6t+dH2OH1b86LhYy6K1PscPq350fY4fVvzouFjLorU+xw+rfnR9jh9W/Oi4WMuitT7HD6t+dH2OH1b86LhYy6K1PscPq350fY4fVvzouFjLorU+xw+rfnR9jh9W/Oi4WMuitT7HD6t+dH2OH1b86LhYy6K1PscPq350fY4fVvzouFjLorU+xw+rfnR9jh9W/Oi4WMuitT7HD6t+dH2OH1b86LhYy6K1PscPq350fY4fVvzouFjLorU+xw+rfnR9jh9W/Oi4WMuitT7HD6t+dH2OH1b86LhYy6K1PscPq350fY4fVvzouFjLorU+xw+rfnR9jh9W/Oi4WMuitT7HD6t+dH2OH1b86LhYy6K1PscPq350fY4fVvzouFjLorU+xw+rfnR9jh9W/Oi4WMuitT7HD6t+dH2OH1b86LhYy6K1PscPq350fY4fVvzouFjLorU+xw+rfnR9jh9W/Oi4WMuitT7HD6t+dH2OH1b86LhYy6K1PscPq350fY4fVvzouFjLorU+xw+rfnR9jh9W/Oi4WMuitT7HD6t+dH2OH1b86LhYy6K1PscPq350fY4fVvzouFjLorU+xw+rfnR9jh9W/Oi4WMuitT7HD6t+dH2OH1b86LhYy6K1PscPq350fY4fVvzouFjLorU+xw+rfnR9jh9W/Oi4WMuitT7HD6t+dH2OH1b86LhYy6K1PscPq350fY4fVvzouFjLorU+xw+rfnR9jh9W/Oi4WMuitT7HD6t+dH2OH1b86LhYy6K1PscPq350fY4fVvzouFjLorU+xw+rfnR9jh9W/Oi4WMuitT7HD6t+dH2OH1b86LhYy6K1PscPq350fY4fVvzouFjLorU+xw+rfnR9jh9W/Oi4WMuitT7HD6t+dH2OH1b86LhYy6KmvoUtbK4uI8sYo3cA9MgZqGmQFFFFAH//W/crTvu6P+H/olq7KuN077uj/AIf+iWrsqpiQzBpKYx5GOpryCP4qWU0kegJp83/CU+f5MmkEjzYgCN0xk+79n2ncs3RshR+8+WtaVCrVb9mr238vP07voZzqxh8bt/X59luezUUUVganAeKfHGh+ELvT7XWfNRdS80LKqgxgwrv2Nzu3SdECqSzcV1FhcPeWcN09vJavNGjGKbHmISM7XwSMjocE/Wvm7xJ4l8fR+IfEd/bJcx2/h64AWUG2FtHF5SyiIxsjSy+aCN7BgV3Dbjaa1Ne8Ya34UTxZpV7r8T6kk9udM3JGkgSX94yhTnIijzuY/KFBY45r6X+zXKMFBq7Se992uiWlk1c8z62k5N3srrbtfrfXbT1PpL0piEA818u+JPE/jrSdS1/QrLWDcT2N1b3fneUgEFnccCPGGydzLtHG/Y3bIPd65J4k8Pa1ZyDX5rgaqdQzHJBF5EIjiklh8uP5WzFtAOZfn53YyNvJPLZRUW5LVNrfok+3ZnRHEKTsk90unV27/wBXPZycfWlI5GO9fJ+n+NfHFrps+qzX5e2utBv9RheWSO8kS4tDFy8aW1osbDzSGQMyZAx0Od7xBfeONHtPEOm2muyx3WnaLBqweVI7jZKPPEsSOI4sqzRg5K/Lj7oU7aTy2cZckpL8e9nsuhjDGKauk/6Sa++571rGr6foOlXOsavOLezs4zLNK3REQZJOP6V5T4F1y38R+KtUl0vxDNqVlCUvEhEbCNRcgoiea5+ZVEbHaqhVZupYGuO1HxP431K18YavpOrmws7bTYtU04GJZMxATjnhMCU25dfmPyuN3pXo/h7xPb674/1K3068hubSz0+3VjFsP+k+bL5q+YBuJjXy9y7iF3DIBNbPC+xpSvrK2vlto01vrbRkfWOdxtor/f6a9tdtj1yiiivAPUCiiigAooooAKKKKACiiigAooooAKKKKACiiigAooooAKKKKACiiigAooooAKKKKACiiigAooooAKKKKACiiigAooooAKKKKACiiigAooooAKKKKACiiigAooooAKKKKACiiigAooooAKKKKACiiigAooooAKKKKACiiigAooooAKKKKACiiigAooooAKKKKACiiigAooooAKKKKACiiigAooooAKKKKACiiigAooooAKKKKACiiigAooooAKKKKACiiigAooooAKKKKACiiigAooooAKKKKACiiigAooooAKKKKACiiigAooooAKKKKACiiigDO1f/AJBN9/1wk/8AQTVCr+r/APIJvv8ArhJ/6CaoVaEwooopkH//1/3K077uj/h/6Jauyri7IuItJ2AMeMDOB/qWrqt97/zxj/7+H/4iqYkWqzxaW32pr7ylFwVEZk2jeUBJC564ySce9Tb73/njH/38P/xFG+9/54x/9/D/APEVN7DLVFVd97/zxj/7+H/4ijfe/wDPGP8A7+H/AOIoAzZtH0qdLmKezhkW9IM4eNSJSAEBkGPm4VRz2A9KqXvhbw5qMtxPqGlWt09z5fmmW3jcyeVny9xYHO3J256ZPrW35l708qP/AL+H/wCJoEl518qP/v4f/iKpTkupLinuUpdH0qZrhp7KGRrzYJy0aEy+X9zfx823tnpUlzYWV3JHNdQxySW+TGzICU3jDYJHGQSD7GrWbz/njH/38P8A8TRm8/54x/8Afw//ABNF33KPJdA8Eavp2sXFjqkWnXPh1Y7yOCKO3iiYRXZgPkGIJt8sFJNx3fvNy7l449Ln0rS7ozvcWMM5uYfs0peNCZIOf3T5HKfM3ynjk+tXt17jHlR/9/D/APE0brzr5Uf/AH8P/wATWlStKpqzOFOENEUZtH0qUTpLaQuLiEW0oMakSQjOIn45T5m+U8fMfWobHQNG0y4a50+wt7aV1SNniiRGKRgBEJUD5VAAUdsCtbfef88o/wDv4f8A4mjfef8APKP/AL+H/wCJqOd7D5Ylqiqu+9/54x/9/D/8RRvvf+eMf/fw/wDxFQWWqKq773/njH/38P8A8RRvvf8AnjH/AN/D/wDEUAWqKq773/njH/38P/xFG+9/54x/9/D/APEUAWqKq773/njH/wB/D/8AEUb73/njH/38P/xFAFqiqu+9/wCeMf8A38P/AMRRvvf+eMf/AH8P/wARQBaoqrvvf+eMf/fw/wDxFG+9/wCeMf8A38P/AMRQBaoqrvvf+eMf/fw//EUb73/njH/38P8A8RQBaoqrvvf+eMf/AH8P/wARRvvf+eMf/fw//EUAWqKq773/AJ4x/wDfw/8AxFG+9/54x/8Afw//ABFAFqiqu+9/54x/9/D/APEUb73/AJ4x/wDfw/8AxFAFqiqu+9/54x/9/D/8RRvvf+eMf/fw/wDxFAFqiqu+9/54x/8Afw//ABFG+9/54x/9/D/8RQBaoqrvvf8AnjH/AN/D/wDEUb73/njH/wB/D/8AEUAWqKq773/njH/38P8A8RRvvf8AnjH/AN/D/wDEUAWqKq773/njH/38P/xFG+9/54x/9/D/APEUAWqKq773/njH/wB/D/8AEUb73/njH/38P/xFAFqiqu+9/wCeMf8A38P/AMRRvvf+eMf/AH8P/wARQBaoqrvvf+eMf/fw/wDxFG+9/wCeMf8A38P/AMRQBaoqrvvf+eMf/fw//EUb73/njH/38P8A8RQBaoqrvvf+eMf/AH8P/wARRvvf+eMf/fw//EUAWqKq773/AJ4x/wDfw/8AxFG+9/54x/8Afw//ABFAFqiqu+9/54x/9/D/APEUb73/AJ4x/wDfw/8AxFAFqiqu+9/54x/9/D/8RRvvf+eMf/fw/wDxFAFqiqu+9/54x/8Afw//ABFG+9/54x/9/D/8RQBaoqrvvf8AnjH/AN/D/wDEUb73/njH/wB/D/8AEUAWqKq773/njH/38P8A8RRvvf8AnjH/AN/D/wDEUAWqKq773/njH/38P/xFG+9/54x/9/D/APEUAWqKq773/njH/wB/D/8AEUb73/njH/38P/xFAFqiqu+9/wCeMf8A38P/AMRRvvf+eMf/AH8P/wARQBaoqrvvf+eMf/fw/wDxFG+9/wCeMf8A38P/AMRQBaoqrvvf+eMf/fw//EUb73/njH/38P8A8RQBaoqrvvf+eMf/AH8P/wARRvvf+eMf/fw//EUAWqKq773/AJ4x/wDfw/8AxFG+9/54x/8Afw//ABFAFqiqu+9/54x/9/D/APEUb73/AJ4x/wDfw/8AxFAFqiqu+9/54x/9/D/8RRvvf+eMf/fw/wDxFAFqiqu+9/54x/8Afw//ABFG+9/54x/9/D/8RQBaoqrvvf8AnjH/AN/D/wDEUb73/njH/wB/D/8AEUAWqKq773/njH/38P8A8RRvvf8AnjH/AN/D/wDEUAWqKq773/njH/38P/xFG+9/54x/9/D/APEUAWqKq773/njH/wB/D/8AEUb73/njH/38P/xFAFqiqu+9/wCeMf8A38P/AMRRvvf+eMf/AH8P/wARQBaoqrvvf+eMf/fw/wDxFG+9/wCeMf8A38P/AMRQBaoqrvvf+eMf/fw//EUb73/njH/38P8A8RQBaoqrvvf+eMf/AH8P/wARRvvf+eMf/fw//EUAWqKq773/AJ4x/wDfw/8AxFG+9/54x/8Afw//ABFAFqiqu+9/54x/9/D/APEUb73/AJ4x/wDfw/8AxFAFqiqu+9/54x/9/D/8RRvvf+eMf/fw/wDxFAFqiqu+9/54x/8Afw//ABFG+9/54x/9/D/8RQBaoqrvvf8AnjH/AN/D/wDEUb73/njH/wB/D/8AEUAWqKq773/njH/38P8A8RRvvf8AnjH/AN/D/wDEUAWqKq773/njH/38P/xFG+9/54x/9/D/APEUAWqKq773/njH/wB/D/8AEUb73/njH/38P/xFAFqiqu+9/wCeMf8A38P/AMRRvvf+eMf/AH8P/wARQBaoqrvvf+eMf/fw/wDxFG+9/wCeMf8A38P/AMRQBaoqrvvf+eMf/fw//EUb73/njH/38P8A8RQBaoqrvvf+eMf/AH8P/wARRvvf+eMf/fw//EUAWqKq773/AJ4x/wDfw/8AxFG+9/54x/8Afw//ABFAFqiqu+9/54x/9/D/APEUb73/AJ4x/wDfw/8AxFAFqiqu+9/54x/9/D/8RRvvf+eMf/fw/wDxFAFqiqu+9/54x/8Afw//ABFG+9/54x/9/D/8RQBaoqrvvf8AnjH/AN/D/wDEUb73/njH/wB/D/8AEUAWqKq773/njH/38P8A8RRvvf8AnjH/AN/D/wDEUAQav/yCb7/rhJ/6CaoVJqr3X9l3m6NAPJkyQ5P8J/2ajq0JhRRRTIP/0P3K077uj/h/6JauyrjdO+7o/wCH/olq7KqYkFFFFSMKKKYWAxk4zQA+iiigAorE0vWtK1qFrrR7uG9iB2mSCRZkBwDjKn0IP0IPei+1jS9PubW0v7lIJrxtkKu+C5yE4/FlH+8yjqRQBt0Vl6bqNhq1qL7TpVng3yRhk6ExOY3H4MpH4VpMQOpxQA6iiigAooooAKKKKACiiigAooooAKKKKACiiigAooooAKKKKACiiigAooooAKKKKACijPevNdd8eaHo2t6XoyarZrcXF8lpdRszNKDJETHGoXO2RpGiOG/5Zlm96Otg8z0qiiigAooooAKKKKACiiigAooooAKKKKACiiigAooooAKKKKACiiigAooooAKKKKACiiigAooooAKKKKACiiigAooooAKKKKACiiigAooooAKKKKACiiigAooooAKKKKACiiigAooooAKKKKACiiigAooooAKKKKACiiigAooooAKKKKACiiigAooooAKKw9T1rSNGED6peQ2a3D+XF50gj8x9hbauepwCcDsCe1c74a8W6fq/hUeJLi+tZLXzrhPtFsSYCIrh4V2MfvfdA4yGP3cgijzA70DFLWBY67pGpTG1065juZEggusIcjyrjd5T56YbY236Vcvb2z060mv9QnW2t7dWeWWQhEjUDJLMeAAO5oem4GnRXJaR4r8O6/qV3pOi6jDe3VhHDJcJE2/y0uN3l7yvygt5bcdcYPQjM+neJfDmrXRstK1O3vLhQ7FIZkd9sb+W5wp6K3yk9jxQB0oGKCcUm6uItvHvha61mTQLe+36hFd/YmhEcm4T+U02Pu4x5cbHd93jryKAbsdzRRRQAUUUUAFFFFABRRRQAUUUUAFFFFABRRRQAUUUUAFFFFABRRRQAUUUUAZ2r/8AIJvv+uEn/oJqhV/V/wDkE33/AFwk/wDQTVCrQmFFFFMg/9H9ytO+7o/4f+iWrsq43Tvu6P8Ah/6JauyqmJHBeNfEdx4cg0qWDygL3UrazkMp4Ec7bSRyMH0ryK6+Jvjy28TFYbSO60mPWo9IkdIEFunmyiJR5xuvtHmqWUs32Xyjyq9pD7h4m8LaH4u006P4gga5tHYPtWSSI706EPEysPzrFh+HPg+G7ubyPTysl7cW93KfNmIM9tIZonC7sLhyWwuASTuBqIaPXv8Ahp/k/mwndr3d7fjr/mvuPHPDvxF+K82sQaBr9jY297LqCadKDGcRXMmn3l8YwYpXBVVjtmzuJ2ysD8w4nn17XvEej+CL3xBHBHqNv4ru7OUQE+UTZNe2wILc/MIwc4HXoOlexN4A8LN4q/4TL7NL/avmedu+0T+T5vk/ZvN+zeZ5Hm+SfL37N+3jNU7f4Z+ErfXl8QxW0/2mO5kvI4mvLp7RLmXd5ky2hlNush8xjuEecsW+8SatyTafo/ua/MqWqaXZr70/80eVx+PfiZop17TPFN3o6a3pFjb3gjRNlkRcTbSRPLPEx2hWVY5EhyzLmQg7hYu/ib4xg8GyeJ9YOn6LHBLbNdKpS/ltLWS3EskreVP5GWfJh/ekeVtP7yVhFXqsvw98Iz32r39zp4nn1wRi7LySOG8s5XYGbbGVIDZjCnIDfeANTaT4G8L6NoFz4X06wEem3iNHcRuzytOrxiI+ZJIWkc+WAuWYkKABwBRfTVa6fmTb3vLX8l+tzyTw+3jPTfDWqHwzLpdh/ZE+pLdTfZJn+0y2eyO2CxPP8kflKFf96cBVWIKv3fOfHPxN1TWEuZ73TbGUaTavqFpDPYSXJBt9Phv5JPtIuIjEJfMaFdsT42Fm9K+ptF8G6B4e0Sbw5pcMosZzIZVmuJriSQz58wtNK7SknPUtx2qh/wAK38EiDU4P7MUDWNPj0u6bfJvks4o2jWHfu3ABWblSDznOeaI73lrt963f5WWwdVfbW/o2rfhc5XUNR8VeD7vSFWXS7bQrrUbfTbTToLeRDHaOmyMrLvUB1YA7RFsCfJ1+euG1rXPEuu+DbSPxaluNT03xZpFnIbTf5B2X1ucjzMN39B2r3bVfCXh/WdT03V9QtjLd6Oxe1YSSAIXKnlAQrcop+YHBANZE3w08Iz68fEM1vObh7pLxovtl0LQ3MYG2Y2nm/ZzINoO4x5yA33gDRHdOXRp/c01+Tv6mU4NxcV1VvvTT+Wq+48zm8dfErRNZ1XRvFFzo8F7Bp13qVpHGh+zGKOVYo/MnlniZTGJF3K0SB2PyzAZC0Lv4lfE6Xwj/AMJQlnp9mlpDbXOoRpLDcz29n9nkkuLsCK4eJo2kUeSokdiit1Lfu/aLrwD4UvdXvddu7AXF5qMJgnaSSR0eM+XkCMt5an90nIUN8o54pmk/D7wloug3fhfT9OA0y/iMNxHI0krTxmPytkkkpaRgI8KMtwoCjAFStrdf+C/0sb/au9v+Av1vY8/8K6z8VvE0mo291dWOj3dlPaJcIYXuFhSSwimIiXMeXaeQ7t8jBEXauSfMrnrb4jfFS9m8H3ltp9l9i8SW1sEOHEcl48bTXKk+YZI1EMbvGdjBduGaRpAF9v8ADXhDRfCEVzBokc+LyUTTSXNzcXksjhFjBaW5kkkOERVUbsACs+7+H3hW/wBC07w69vNBZaQQbX7Pd3FvLAVVo/knhkSUfIzK3zfMCQc1U3e/L5f8EmKfLaW55j4G+IXjK7bQrjxPPZyaXrPhs6wLjHlSiWJbUyeYvCquZ26E/KF6ENn1T4e6zqPiXwN4e8SavGsV/qlhbXUyoCESSeJXcAEkgZPcmsrU/hV8P9XtdL0/UtISW20a0NjZxmSULFbt5fAAbqPLQq5+dGUFWB5rtdI0ix0PTbfRtLjMVpaKEiQuzkKPV3LMT7k5q20r2/rV/o0vkFnf+uy/4Jt0UUVkMKKKKACiiigAooooAKKKKACiiigAooooAKKKKACiiigBMc5r4s1R9et/Fmqrq3hfRtPuV1bSppryG0iFyIrzVIre0mEoMnmySBX3b8FSokwMiOvtMdK4PV/h/wCFte1yDxHqdpK99bm3IKXM8UUn2SUzQedDHIsUvlSEsvmI20niiD5aik+gpK6aPINH+KXie+8SwwyywT2Z16fRp4ltiiR7EuMGGfz2LNG0GJPMiXcGDKqqVJ+mvl9K86i+GnhC315fEMVtOLlLqS8WNry5e0S5lDB5ltDL9nWRtzHcI87mLfeJNeh0+iX9bL9bh1bW3/Bf6WXyJKKKKQwooooAKKKKACiiigAooooAKKKKACiiigAooooAKKKKACiiigAooooAKKKKACiiigAooooAKKKKAEHSvL/iHr/inw3baTqehrayWj6lY2l6k+7zPKvLqG2Bj2/LkeYTzjt6EH1DiuZ8R+HNH8V6VJouuxG4s5JIZWQO8R328izRnfGVYYdVPXtSXRvuvzA8/t9f8b+KNe8RaT4durGys9F1NLQ3DRPcSGP7DDMVCB1UyefKQxLDagxt3fMOZ8OfEzxXqOp+Hl1L7ALbXNAm1IRRFvPFzbiLedjHiJjIdvzN0x23H1jwv4I8MeDI7i28MWC6fDct5kkaFygPPCKxIjQZO1FwoycCuam+DXw1vDb/AGvREuBaW62sIklmcRxoMKUBbAlUfdlH71ezUSWlo9vxs1f79S4tby/rU8K8T/F/4pTeE7fVvC0ED3j+HLPWbpYIEk+yC4hkaSaT7RPGSN0bCKKJJmG3dKcFVPfeI/iD400lfEOqWT250/wtb6fOyyweY959oUPKrSrJF5cmD8u2IouQxLZMaehr8K/AyxxxDT22W+mjR0H2ifAskRoxHjzOSFZh5h+fk/NWX488H3EnhnVLXwtpFvqNzqpt0vLe5lmQXFvEBHhXWRdrqoG35lzg5OTmtrq7stP+C/8AgHPyysrvW2v3L9bnDX3xP8b2niqeOO2ju9KtNbt9KmaKCPyIkuZY41DStdC489RKrMRbeTnMYJx5lfTROK4D/hXnhL7df6i1k32jU7m2u5yZ5iGls5BLCwXdtXa4DYUAE9c132Bis18KT3/4C/W5prdvp/wX+lh1FFFIYUUUUAFFFFABRRRQAUUUUAFFFFABRRRQAUUUUAFFFFABRRRQAUUUUAFFFFABRRRQAUUUUAfOuofEnxJJoWmT6V5Jvb/WdS0wxQRLLO/2Oa4WOOJZp4IVdo4d7PNKBwQELMAOaj+JfxanttJvY9NtYoJNRk0y4MkYDm6F5JbANGtxJsG1QT5bSjJaTdtURyexS/CnwHMXZ9ObMl6dQOLicf6Q3mbjxJwp818x/c+Y/LWlfeA/DOoaTNos9vIltPdtfHybiaGVboy+cZY5YnWSNvMJPysOuOnFaJpO/wDXT/g/OxMrtNL+t/8AgHz34o8V6trS+GL7X9D0XWINXNzb6cl1bee8WqJLJFGwV87Y8BNxVt2A3Tgje8Lalrgi8OeGb7T9Kn8N63faxpl5DHAyeZLby3rtIIXaSMLL5ILDcfmZuORt9mt/AfhW0TQUisAf+Eakkk04vJIxikljaN3JZiZGZXbcz7jklvvc1FqHw+8L3+lQ6VLBNFFb3c17C1vd3NtPHc3DyPI6TwyLKu4yvkBtuGK428U9ErDszxzw9rurQX2m+F/CFvpuhf2pd+II5HjtjKSNFuvsluWQyx5XyxHG5DO/3VjVYwWjj1Hx54v8c+DdMi0fQbHUpNe0C31K4srpBJEfMljWZQszKjJsZtob2PzY8t/XYPhp4OgXSRFZMX0SSea0aS4ndxJcSieQyO0haUtKqyMZCxLDNcj8Mfh1qXhO8nu9VtLO3V7X7OiwXd3doiec7+XCl0dtvAF2/u41wSewUZjf+t9Hb9L+hT6td/u1/wAjyzwl4qudAS416z0vTNKiuLLwz5S29sLeKWy1TVJoBNIgK+W3kEsse4hGYk5yVHR6qdP8O/EDSND+GejaHp8kjXNoE+zPZywXhs7i4SRhFGu6CQRqAwyrfvMZYDHqdj8I/Adhp11pVvZTG2vFto3WS9upSkdlIZLeOJ5JWaKOJiSiRlVGelbY8CeEjqeh6wdOX7d4biMNhMC4eKJ4zDszn5hsJGGzjOevNW5K7+f4r9H+ZLTtZeX4WPPNE+JHiG8g8Gw3UFobzXP7RN4iFhgWSSYdD94KZAgZvLP3vujIrD+HWr39x4p8P6zq1jYfafHGkXepNPDZiC5jNu1qBH5vmys8MkcyFQ2GXYMgZ2p6RpXwl+H2iapFrWl6SLe9iMrCYSzF3M3m58zLfvNomcJuzsDELgVzfhXw94lsPGNra6roFvbaT4ctbuz0m9t52cCykFoIoirzFzJ+7bzCyH7i7X5O6INXu/60f/A+4LPZ7f8ADf8ABPdaKKKkYUUUUAFFFFABRRRQAUUUUAFFFFABRRRQAUUUUAFFFFABRRRQAUUUUAZ2r/8AIJvv+uEn/oJqhV/V/wDkE33/AFwk/wDQTVCrQmFFFFMg/9L9ytO+7o/4f+iWrsq43Tvu6P8Ah/6JauyqmJBRXIaqkl7rFho5llgt5IbieTynMTN5TRIBvXDAfvCeCOgq1/wi+m/89r3/AMGF3/8AHakZ0tFc1/wi+m/89r3/AMGF3/8AHaP+EX03/nte/wDgwu//AI7QB0tFc1/wi+m/89r3/wAGF3/8do/4RfTf+e17/wCDC7/+O0AdLRXNf8Ivpv8Az2vf/Bhd/wDx2j/hF9N/57Xv/gwu/wD47QB0tFc1/wAIvpv/AD2vf/Bhd/8Ax2j/AIRfTf8Ante/+DC7/wDjtAHS0VzX/CL6b/z2vf8AwYXf/wAdo/4RfTf+e17/AODC7/8AjtAHS0VzX/CL6b/z2vf/AAYXf/x2j/hF9N/57Xv/AIMLv/47QB0tFc1/wi+m/wDPa9/8GF3/APHaP+EX03/nte/+DC7/APjtAHS0VzX/AAi+m/8APa9/8GF3/wDHaP8AhF9N/wCe17/4MLv/AOO0AdLRXNf8Ivpv/Pa9/wDBhd//AB2j/hF9N/57Xv8A4MLv/wCO0AdLRXNf8Ivpv/Pa9/8ABhd//HaP+EX03/nte/8Agwu//jtAHS0VzX/CL6b/AM9r3/wYXf8A8do/4RfTf+e17/4MLv8A+O0AdLRXNf8ACL6b/wA9r3/wYXf/AMdo/wCEX03/AJ7Xv/gwu/8A47QB0tFc1/wi+m/89r3/AMGF3/8AHaP+EX03/nte/wDgwu//AI7QB0tFc1/wi+m/89r3/wAGF3/8do/4RfTf+e17/wCDC7/+O0AdLRXNf8Ivpv8Az2vf/Bhd/wDx2qVrbtpPiCDToJppLa6tZ5Sk8rzkPFJEMhpCzciQ5GccCgDsqKKKACiiuB0LSo9Z0ay1jULm7a4vYY7htt3NEgMiBsBYmVQBnHTtQB31Fc1/wi+m/wDPa9/8GF3/APHaP+EX03/nte/+DC7/APjtAHS0VzX/AAi+m/8APa9/8GF3/wDHaP8AhF9N/wCe17/4MLv/AOO0AdLRXNf8Ivpv/Pa9/wDBhd//AB2j/hF9N/57Xv8A4MLv/wCO0AdLRXNf8Ivpv/Pa9/8ABhd//HaP+EX03/nte/8Agwu//jtAHS0VzX/CL6b/AM9r3/wYXf8A8do/4RfTf+e17/4MLv8A+O0AdLRXNf8ACL6b/wA9r3/wYXf/AMdo/wCEX03/AJ7Xv/gwu/8A47QB0tFc1/wi+m/89r3/AMGF3/8AHaP+EX03/nte/wDgwu//AI7QB0tFc1/wi+m/89r3/wAGF3/8do/4RfTf+e17/wCDC7/+O0AdLRXNf8Ivpv8Az2vf/Bhd/wDx2j/hF9N/57Xv/gwu/wD47QB0tFc1/wAIvpv/AD2vf/Bhd/8Ax2j/AIRfTf8Ante/+DC7/wDjtAHS0VzX/CL6b/z2vf8AwYXf/wAdo/4RfTf+e17/AODC7/8AjtAHS0VzX/CL6b/z2vf/AAYXf/x2j/hF9N/57Xv/AIMLv/47QB0tFc1/wi+m/wDPa9/8GF3/APHaP+EX03/nte/+DC7/APjtAHS0VzX/AAi+m/8APa9/8GF3/wDHaP8AhF9N/wCe17/4MLv/AOO0AdLRXNf8Ivpv/Pa9/wDBhd//AB2oH8MWuwmC7vYZcfK/225k2n12vIyn6EEUAdZRWJ4fvpdS0HTtRuMeZd28UrY6ZkQMf51t0AFFFchqqSXusWGjmWWC3khuJ5PKcxM3lNEgG9cMB+8J4I6CgDr6K5r/AIRfTf8Ante/+DC7/wDjtH/CL6b/AM9r3/wYXf8A8doA6Wiua/4RfTf+e17/AODC7/8AjtH/AAi+m/8APa9/8GF3/wDHaAOlormv+EX03/nte/8Agwu//jtH/CL6b/z2vf8AwYXf/wAdoA6Wiua/4RfTf+e17/4MLv8A+O0f8Ivpv/Pa9/8ABhd//HaAOlormv8AhF9N/wCe17/4MLv/AOO0f8Ivpv8Az2vf/Bhd/wDx2gDpaK5r/hF9N/57Xv8A4MLv/wCO0f8ACL6b/wA9r3/wYXf/AMdoA6Wiua/4RfTf+e17/wCDC7/+O0f8Ivpv/Pa9/wDBhd//AB2gDpaK5r/hF9N/57Xv/gwu/wD47R/wi+m/89r3/wAGF3/8doA6Wiua/wCEX03/AJ7Xv/gwu/8A47R/wi+m/wDPa9/8GF3/APHaAOlormv+EX03/nte/wDgwu//AI7R/wAIvpv/AD2vf/Bhd/8Ax2gDpaK5r/hF9N/57Xv/AIMLv/47R/wi+m/89r3/AMGF3/8AHaAOlormv+EX03/nte/+DC7/APjtH/CL6b/z2vf/AAYXf/x2gDpaK5r/AIRfTf8Ante/+DC7/wDjtH/CL6b/AM9r3/wYXf8A8doA6Wiua/4RfTf+e17/AODC7/8AjtH/AAi+m/8APa9/8GF3/wDHaAOlormv+EX03/nte/8Agwu//jtH/CL6b/z2vf8AwYXf/wAdoA6WiuNtbdtJ8QQadBNNJbXVrPKUnlech4pIhkNIWbkSHIzjgV2VABRRRQAUVwOhaVHrOjWWsahc3bXF7DHcNtu5okBkQNgLEyqAM46dq2f+EX03/nte/wDgwu//AI7QB0tFc1/wi+m/89r3/wAGF3/8do/4RfTf+e17/wCDC7/+O0AdLRXNf8Ivpv8Az2vf/Bhd/wDx2j/hF9N/57Xv/gwu/wD47QB0tFc1/wAIvpv/AD2vf/Bhd/8Ax2j/AIRfTf8Ante/+DC7/wDjtAHS0VzX/CL6b/z2vf8AwYXf/wAdo/4RfTf+e17/AODC7/8AjtAHS0VzX/CL6b/z2vf/AAYXf/x2j/hF9N/57Xv/AIMLv/47QB0tFc1/wi+m/wDPa9/8GF3/APHaP+EX03/nte/+DC7/APjtAHS0VzX/AAi+m/8APa9/8GF3/wDHaP8AhF9N/wCe17/4MLv/AOO0AdLRXNf8Ivpv/Pa9/wDBhd//AB2j/hF9N/57Xv8A4MLv/wCO0AdLRXNf8Ivpv/Pa9/8ABhd//HaP+EX03/nte/8Agwu//jtAHS0VzX/CL6b/AM9r3/wYXf8A8do/4RfTf+e17/4MLv8A+O0AdLRXNf8ACL6b/wA9r3/wYXf/AMdo/wCEX03/AJ7Xv/gwu/8A47QB0tFc1/wi+m/89r3/AMGF3/8AHaP+EX03/nte/wDgwu//AI7QB0tFc1/wi+m/89r3/wAGF3/8do/4RfTf+e17/wCDC7/+O0AdLRXNf8Ivpv8Az2vf/Bhd/wDx2j/hF9N/57Xv/gwu/wD47QB0tFcm/hi12EwXd7DLj5X+23Mm0+u15GU/QgitHw/fS6loOnajcY8y7t4pWx0zIgY/zoAtav8A8gm+/wCuEn/oJqhV/V/+QTff9cJP/QTVCrQmFFFFMg//0/3K077uj/h/6JauyrjdO+7o/wCH/olq7KqYkc1df8jbp3/Xle/+jbWsjxxqmq6Roj6nY6npuiRW533F7qivJbwRY6+WksG4k4HMqYz36HXuv+Rt07/ryvf/AEba1B4gsvE93bwHwrqdvp1zE5Zzd2hvIpI8EbCqTQODnBDB+3INQ/ItGZ8PPEOoeK/B+l+ItWt47e5vVd8RBljkQOVjmRH+dUlQLIqv8yhgG5FcJp3xI8R+IvHeteG/D9naNp9rYNJp9xOzj7RdxTGCZyY92IFbKrhdzFWOdpBra8MfCXw1ounQrqttb6prMbXT/wBpfZY4p4nvZpZpBan5pII1eZ/LRXO0H7xOSc+1+Esnh/U21Pwnrk2nvb6MdIsY54/tMVtsOY5Nu6PcF4/d8Zx96re9+mv5O3brYiz5bLfT81fv0uXNB8TeObi68TeG7pNO1bV9A+zeVcQJLYWcjXKlvKkVnu2jeIAM2GbKsvC5rE0z4ieKvEPhDwLLpSWdrrvjSDz2lmjkltrZI7czSsIVkjkk52oq+av3t27jB2fBXgvx14R8P3ujS67pl7eTgyRXY0udGNzJkyTXYa+kacuccK8W3GB8uAuTonws8TaJ4T8LaRF4gtJNZ8HkpZXn9nOsEluYTCYp4PtTOxKnduSZfnVTjAKtWmuvb9b/AKCV7fedl4S8YTaz4WudZ1qJbe60qe8tb1Yc+X5lhK8TtGG52yCPzFByQGAyeteUSfGDxboOi2PiXxHZWVxb+ItLl1HTLe2EkT28wERitbiV2kWXeJh++RUC7W/dtkGvR/D3wn8KaZZwy63p9nrGthrmWXUpbWMTmW8lkmm8snc8Ue6VgihztU4yeSePX4KXV9psOgeJNf8At2n6XpsumaX5Fp5E9uknlhZ5pGllWaeMRKFZY4l+8SvPArXd/wCtHf8AG1hO91bbX81b8L3OgsvHOr+HtQ13R/iHPaSS6PZW+pC5sbeWCOSC4eWPyhC8s7GSNoscP8+9cKDxVHwl4o+JfjbwtLexQ6ZoGrQale204uEmu47eK3kZVHlq8PmycAMfNjXqwB4FWovhZdavqFzrnjzVRqmpymyWKSwgexhjTT3kkhxG007FvNkMjEvjIXAG3NY978IfEkPhXUfDHhzxWbVdX1S4v7uW7tpLjzbe4cs1r+6uIJFDZAaRWDMM9M1Pe/8AwN1+l7+hXa3f57O/47epFqvxg1az+EcXjOz0+3ufEd7Bcm0twz/ZpzZ+YXuc/eFv5cZmHOcMqbtzAn1W98W6foPgmTxv4gk+z2dnY/bbh1BOxEj3vgd/YVxGp/CeTxDoElnrmqrDrDaZcaTHcaZBJZ2kVtP0CWjzz4Awm4eb82wdAABb1L4PeE9V8N3OjXNnD/al7YCxl1YW8X20hEVFYysCx27VOCSPlAofX8PxCN/d/H8P+Ccb/wALh1ibwHqXi6N9OhuoJ7JTayCY/wBlW95Ksfn3xJjMgSNzK2xUTCsFkZR5ld38LfGd74z0rUL28urPUksL6Wziv7BHS0vUjVCZYld5SgVi0TDzHG5CQ2DXMXfwn8R61c3PiHWvEcEniF204280GnmKzjGlyyTRiS2a4kkl3PK3mfvk/g27WXJ39H+FmmOdRv8Ax9Bp3iXUNTvhfMzaekdvBIkMUCeTDK87KfLiXcxkLMfQYAvTW/8AW3/BIV9P67/8D/Iy/D3xXsfFXjy68O6Xc2lvp1hcXFkpn8w3GoXdsP36W/3Y0EBB3ZLu+1j5aIBI3uR614dpfwsv9P1XT4G1mOTw9pGqXerWlmLQpcpcXTTMVkuvOZWjRriQqFhRvuhmOG3+6Vk9l3Ner7f1+lgooooEFFFFABRRRQAUUUUAFFFFABRRRQAUUUUAFc1df8jbp3/Xle/+jbWulrmrr/kbdO/68r3/ANG2tAHS0UUUAFc34O/5FLRP+vK2/wDRS10lc34O/wCRS0T/AK8rb/0UtAHSUUUUAFFFFABRRRQAUUUUAFFFFABRRRQAUUUUAFFFFABRRRQAUUUUAFFFFABRRRQAUUUUAFFFFABRRRQBzfg7/kUtE/68rb/0UtdJXN+Dv+RS0T/rytv/AEUtdJQAVzV1/wAjbp3/AF5Xv/o21rpa5q6/5G3Tv+vK9/8ARtrQB0tFFFABRRRQAUUUUAFFFFABRRRQAUUUUAFFFFABRRRQAUUUUAFFFFABRRRQAUUUUAFFFFABRRRQAUUUUAc1df8AI26d/wBeV7/6Nta6Wuauv+Rt07/ryvf/AEba10tABRRRQBzfg7/kUtE/68rb/wBFLXSVzfg7/kUtE/68rb/0UtdJQAUUUUAFFFFABRRRQAUUUUAFFFFABRRRQAUUUUAFFFFABRRRQAUUUUAFFFFABRRRQAUUUUAFFFFABXN+Dv8AkUtE/wCvK2/9FLXSVzfg7/kUtE/68rb/ANFLQBp6v/yCb7/rhJ/6CaoVf1f/AJBN9/1wk/8AQTVCrQmFFFFMg//U/crTvu6P+H/olq7KuN077uj/AIf+iWrsqpiRyurxXsWpWWsWFubw28UsLxK6o5SUxtld5VSQYxwWHWp/7c1P/oX77/vu0/8AkiujoqRnOf25qf8A0L99/wB92n/yRR/bmp/9C/ff992n/wAkV0dFAHOf25qf/Qv33/fdp/8AJFH9uan/ANC/ff8Afdp/8kV0dFAHOf25qf8A0L99/wB92n/yRR/bmp/9C/ff992n/wAkV0dFAHOf25qf/Qv33/fdp/8AJFH9uan/ANC/ff8Afdp/8kV0dFAHOf25qf8A0L99/wB92n/yRR/bmp/9C/ff992n/wAkV0dFAHOf25qf/Qv33/fdp/8AJFH9uan/ANC/ff8Afdp/8kV0dFAHOf25qf8A0L99/wB92n/yRR/bmp/9C/ff992n/wAkV0dFAHOf25qf/Qv33/fdp/8AJFH9uan/ANC/ff8Afdp/8kV0dFAHOf25qf8A0L99/wB92n/yRR/bmp/9C/ff992n/wAkV0dFAHOf25qf/Qv33/fdp/8AJFH9uan/ANC/ff8Afdp/8kV0dFAHOf25qf8A0L99/wB92n/yRR/bmp/9C/ff992n/wAkV0dFAHOf25qf/Qv33/fdp/8AJFH9uan/ANC/ff8Afdp/8kV0dFAHOf25qf8A0L99/wB92n/yRR/bmp/9C/ff992n/wAkV0dFAHOf25qf/Qv33/fdp/8AJFH9uan/ANC/ff8Afdp/8kV0dFAHOf25qf8A0L99/wB92n/yRVO0Go3+sx6vdWb2CW1vLAqytG0jmZ42JPlM6gL5Y79zXX0UAFFFFABXBaTLq+i6daaRLo9xd/YYkgWWB7fY6RjaD+9ljYEgDIxXe0UAc5/bmp/9C/ff992n/wAkUf25qf8A0L99/wB92n/yRXR0UAc5/bmp/wDQv33/AH3af/JFH9uan/0L99/33af/ACRXR0UAc5/bmp/9C/ff992n/wAkUf25qf8A0L99/wB92n/yRXR0UAc5/bmp/wDQv33/AH3af/JFH9uan/0L99/33af/ACRXR0UAc5/bmp/9C/ff992n/wAkUf25qf8A0L99/wB92n/yRXR0UAc5/bmp/wDQv33/AH3af/JFH9uan/0L99/33af/ACRXR0UAc5/bmp/9C/ff992n/wAkUf25qf8A0L99/wB92n/yRXR0UAc5/bmp/wDQv33/AH3af/JFH9uan/0L99/33af/ACRXR0UAc5/bmp/9C/ff992n/wAkUf25qf8A0L99/wB92n/yRXR0UAc5/bmp/wDQv33/AH3af/JFH9uan/0L99/33af/ACRXR0UAc5/bmp/9C/ff992n/wAkUf25qf8A0L99/wB92n/yRXR0UAc5/bmp/wDQv33/AH3af/JFH9uan/0L99/33af/ACRXR0UAc5/bmp/9C/ff992n/wAkUf25qf8A0L99/wB92n/yRXR0UAc5/bmp/wDQv33/AH3af/JFH9uan/0L99/33af/ACRXR0UAc5/bmp/9C/ff992n/wAkVWk1rWnytvoF0sjLwZZLUID/ALRWdmx9FNdZRQBk6NYf2Vo9hpZO82cEUOfXy1C5/StaiigArldXivYtSstYsLc3ht4pYXiV1RykpjbK7yqkgxjgsOtdVRQBzn9uan/0L99/33af/JFH9uan/wBC/ff992n/AMkV0dFAHOf25qf/AEL99/33af8AyRR/bmp/9C/ff992n/yRXR0UAc5/bmp/9C/ff992n/yRR/bmp/8AQv33/fdp/wDJFdHRQBzn9uan/wBC/ff992n/AMkUf25qf/Qv33/fdp/8kV0dFAHOf25qf/Qv33/fdp/8kUf25qf/AEL99/33af8AyRXR0UAc5/bmp/8AQv33/fdp/wDJFH9uan/0L99/33af/JFdHRQBzn9uan/0L99/33af/JFH9uan/wBC/ff992n/AMkV0dFAHOf25qf/AEL99/33af8AyRR/bmp/9C/ff992n/yRXR0UAc5/bmp/9C/ff992n/yRR/bmp/8AQv33/fdp/wDJFdHRQBzn9uan/wBC/ff992n/AMkUf25qf/Qv33/fdp/8kV0dFAHOf25qf/Qv33/fdp/8kUf25qf/AEL99/33af8AyRXR0UAc5/bmp/8AQv33/fdp/wDJFH9uan/0L99/33af/JFdHRQBzn9uan/0L99/33af/JFH9uan/wBC/ff992n/AMkV0dFAHOf25qf/AEL99/33af8AyRR/bmp/9C/ff992n/yRXR0UAc5/bmp/9C/ff992n/yRR/bmp/8AQv33/fdp/wDJFdHRQByFoNRv9Zj1e6s3sEtreWBVlaNpHMzxsSfKZ1AXyx37muvoooAKKKKAOC0mXV9F0600iXR7i7+wxJAssD2+x0jG0H97LGwJAGRitr+3NT/6F++/77tP/kiujooA5z+3NT/6F++/77tP/kij+3NT/wChfvv++7T/AOSK6OigDnP7c1P/AKF++/77tP8A5Io/tzU/+hfvv++7T/5Iro6KAOc/tzU/+hfvv++7T/5Io/tzU/8AoX77/vu0/wDkiujooA5z+3NT/wChfvv++7T/AOSKP7c1P/oX77/vu0/+SK6OigDnP7c1P/oX77/vu0/+SKP7c1P/AKF++/77tP8A5Iro6KAOc/tzU/8AoX77/vu0/wDkij+3NT/6F++/77tP/kiujooA5z+3NT/6F++/77tP/kij+3NT/wChfvv++7T/AOSK6OigDnP7c1P/AKF++/77tP8A5Io/tzU/+hfvv++7T/5Iro6KAOc/tzU/+hfvv++7T/5Io/tzU/8AoX77/vu0/wDkiujooA5z+3NT/wChfvv++7T/AOSKP7c1P/oX77/vu0/+SK6OigDnP7c1P/oX77/vu0/+SKP7c1P/AKF++/77tP8A5Iro6KAOc/tzU/8AoX77/vu0/wDkij+3NT/6F++/77tP/kiujooA5z+3NT/6F++/77tP/kij+3NT/wChfvv++7T/AOSK6OigDnP7c1P/AKF++/77tP8A5Io/tzU/+hfvv++7T/5Iro6KAOTk1rWnytvoF0sjLwZZLUID/tFZ2bH0U1raNYf2Vo9hpZO82cEUOfXy1C5/StaigDO1f/kE33/XCT/0E1Qq/q//ACCb7/rhJ/6CaoVaEwooopkH/9X9ytO+7o/4f+iWrsq43Tvu6P8Ah/6JauyqmJBRRRUjCiiigAooooAKKKKACiiigAooooAKKKKACiiigAooooAKKKKACiiigAooooAKKKKACiiigAooooAKKKKACiiigAooooAKKKKACiiigAooooAKKKKACiiigAooooAKKKKACiiigAooooAKKKKAIwByDTh96mqRyK+aP2ifjbqPwc0zShollFd6jrDSiIz7jEiQeXuLBCCSfMGPmHeu7A4StjK8cPQV5S2/P8jgxmLo4SjKvWdox/4Y+mfmo+avyw/4bW+K/wD0D9H/APAef/4/R/w2t8V/+gfo/wD4Dz//AB+vvf8AULOP5F/4Ej43/XTK/wCZ/cfqf81HzV+WH/Da3xX/AOgfo/8A4Dz/APx+j/htb4r/APQP0f8A8B5//j9H+oWcfyL/AMCQf66ZX/M/uP1P+aj5q/LD/htb4r/9A/R//Aef/wCP0f8ADa3xX/6B+j/+A8//AMfo/wBQs4/kX/gSD/XTK/5n9x+p/wA1HzV+WH/Da3xX/wCgfo//AIDz/wDx+j/htb4r/wDQP0f/AMB5/wD4/R/qFnH8i/8AAkH+umV/zP7j9TgOtGQOtflj/wANrfFfOf7P0f8A8B5//j9dz8NP2vPGHiLxtpPh7xXpdi1pqtxHahrRZIpEknYIp+eSQFdxG4cVz4jgnN6FKVapT0Svo10NqHGGWVaipRk7t22P0YoorDgl1C8hS5jkiijkAYKY2c4PTJ3L/Kvzw+7Nyis3y9V/5+If+/Lf/HaPL1X/AJ+If+/Lf/HaANKis3y9V/5+If8Avy3/AMdo8vVf+fiH/vy3/wAdoA0qKzfL1X/n4h/78t/8do8vVf8An4h/78t/8doA0qKzfL1X/n4h/wC/Lf8Ax2oSmrLllmhkx/D5TLn2z5jY/KgDYoqpbTrcW0VygwJVDAfUZq3QAUUUUAFFFFABRRRQAUUUUAFFFFABRRRQAUUUUAFFFFABRRRQAUUUUAFFFFABRRRQAUUUUAFFFFABRRRQAUUUUAFFFFABRRRQAUUUUAFFFFABRRRQAUUUUAFFFFABRRRQAUUUUAFFFFABRRRQAUUUUAZ2r/8AIJvv+uEn/oJqhV/V/wDkE33/AFwk/wDQTVCrQmFFFFMg/9b9ytO+7o/4f+iWrsq43Tvu6P8Ah/6JauyqmJBRRRUjCiiigAooooAKKKKACiiigAooooAKKKKACiiigAooooAKKKKACiiigAooooAKKKKACiiigAooooAKKKKACiiigAooooAKKKKACiiigAooooAKKKKACiiigAooooAKKKKACiiigAooooAKKKKAG/xV+ev7dn3/AAV/3E//AG1r9Cv4q/PX9uz7/gr/ALif/trX6FwX/wAjuh8/yZ8Rxb/yKK3y/NH5912XgXwPq/xA15NB0cwxFInnmnnfy4Le3j+/LI/YLkfmK42vW/hF4r0Dw9qer6X4qlkttK8SadPp09xEN72/mjiUInzMAfvAc81/WGa1a9LCznhleSWnX8Ovp1P5mwUaU68I1naLav009enqaWu/CLTF0HUPEPgPxXa+K4tGG7UIYoJbeeBM481Vl/1kY7sOK8Sr7F+H3gbwdoY8Q6J4f8a6fr/iPxPpdzp2nwR+ZFAUlA3mSTG0SkAbY/736fJOqaXqOiajc6Rq9u1neWzGOWKQYKOOxFeHkuYSr1qtCc3K1mm1ytp+Vlonpex7GZYJU6UKsYKN7ppO6T6a3dm10udb8M/DOl+L/Gen6Hrj3EenT+Y88tqAZI0SNnBGVk43Bf4T1+X5sUzxnofh7Tr14vB091qlhZAR3N5LGUi+0FzhE3rGwCrgfN8xYMyqFxXrHwd8d+GfB/gXxQ2txtJcx3dnLDDb3jWVxcgiVCm6JlZli+9gcBiC3au0v/Gdp4pvvHvhmXXtOstO1zT9Pu45biSMRNeCKz+0HzEDMzfuzuVVJyp43ZrysVmWJp5jOTg+SNlvo9Vd2SbbtLyWh1YbC4eWFgpSXPNvpqlqlrdKza9dT5IbTtSS3e7e2lEEWwNIUOE8wb1ycbRuH3f71TDQ9aMtxbjT7jzLNfMnXyjmNMZ3uMfKMc5Nfa83jLw5oms+IfC+sa/aXnh620nTriL7PJEZLi4s/s4McbqS3mS+SPlDHCkHjBxxeu/GLWLv4vaBJZa7FaaHd3GjXV6LaSNLcOY4kuFllHzeWuXDKzbRzkZpUeIMZW5uSjsua7btsnbbfV6GtTJ8PTV5VddE1Zb9euyutep8kV3nwq/5Kb4R/wCwxp//AKUx1yeqGJtUvDblTGZpCpTpjecY9q6z4Vf8lN8I/wDYY0//ANKY6+xzN3y+q/7r/I8HDU/Z46ML3tJL8T91KztI/wCQTY/9cI//AEEVo1naR/yCbH/rhH/6CK/g4/scu5xXK/8ACV6B/wAJL/whz3kcestbi8W1fKu9vvKGRMjDYYfMFJK8bsZFdU3HA4r5j+Ow/wCEt1DRvh/4Qt3k8dI41Cx1CNjENFiB2vdyzAH5WwU8jnzumMDIcdZJf1/S3E9m/wCv6e3qe6ReKtAm8TTeDob9JdZt7cXctuuS8cDtsVnI4XcegJyeoGK6b5hgj8a+afgKkXheTV/h74ls5bbx1CxvtTu5WMv9sLI2xb+GYgbo+i+Xx5J/d47n6X6H2q5abaiTu3f+v637HlN7r3j5vG8+g6Pp1pPpSLasbt3GYCz5nEieYHY+WD5e1cbmXccBselxXNtMkkkEiukZIYgggEdQfpXyD4L8BXra3oWozaffWSxapqljd2/2KO2iW0ltLhhItykEd2ysxjDSzTPvm5DFsGu/uvA82ka/4p0zwjoMCaPdaHpUDWflm3t7xI5L6OeGOVCoSfyTGNxzj93uwCCFay/r8R7tvt/wFofQ0Ukc8ayRMGRhkMDkEeoNWD0ryL4I299afDXS4NRtLqymV7x/IvFZLiNHupWjEgbnO0ivXT0pSjZtBF3SZn6R/wAgmx/64R/+gitGs7SP+QTY/wDXCP8A9BFaNSMKKKKACiiigAooooAKKKKACiiigAooooAKKKKACiiigAooooAKKKKACiiigAooooAKKKKACiiigAooooAKKKKACiiigAooooAKKKKACiiigAooooAKKKKACiiigAooooAKKKKACiiigAooooAKKKKAM7V/+QTff9cJP/QTVCr+r/8AIJvv+uEn/oJqhVoTCiiimQf/1/3K077uj/h/6JauyrjdO+7o/wCH/olq7KqYkFFFFSMKKKKACiiigAooooAKKKKACiiigAooooAKKKKACiiigAooooAKKKKACiiigAooooAKKKKACiiigAooooAKKKKACiiigAooooAKKKKACiiigAooooAKKKKACiiigAooooAKKKKACiiigAooooAjJwa/Pj9usceCMA8f2iP/AElr9B+Dz1rivGPgLwn8QNOGkeL9PXUbZGEihy6FH9VdCrD8Gr6XIcyjl2Pp4uabUb3tvqmv1PAznASxuCqYaDs5W320af6H4UUV+w//AAyr8Cv+hY/8nLv/AOP0f8Mq/Ar/AKFj/wAnLv8A+P1+/f8AESMu/wCfU/uX+Z+K/wCoeYfzw+9/5H4+RSywSpNC7RyRkMrKcEEdCD2NbHiHxLrnizU31jxFeSX95IqRmWTHIjARB8nsP/ZvvGv1p/4ZW+BH/Qtf+Tl5/wDHqUfsrfAjr/wjP/k5ef8Ax6sH4iZU6iqOjO662V9fmXHgbMlFxVSNn5v/ACPx5or9h/8AhlX4Ff8AQsf+Tl3/APH6P+GVfgV/0LH/AJOXf/x+t/8AiJGXf8+p/cv8yP8AUPMP54fe/wDI/Hiiv2H/AOGVfgV/0LH/AJOXf/x+j/hlX4Ff9Cx/5OXf/wAfo/4iRl3/AD6n9y/zD/UPMP54fe/8j8eK7z4Vgn4neEAMr/xONPPH/XzHX6l/8MsfAY8Dwz/5OXv/AMerf8LfAX4TeC9XTXvDegLb38QISV5Z5yme6iaRgD7gZrzsf4h4Cthp0qdOd2mldK2q9X+R14TgbHUq8Kk5xsmno3/kj2qs3SP+QXZf9cY//QRWlWUdNtSxYeYmTkhJZEGfopAr+bT9+NWm4Gd2Oaz/AOzLf+/P/wCBEv8A8XR/Zlv/AH5//AiX/wCLoA0MDO7HNOrN/sy3/vz/APgRL/8AF0f2Zb/35/8AwIl/+LoA0qKzf7Mt/wC/P/4ES/8AxdH9mW/9+f8A8CJf/i6ANKmkgDJ4FZ/9mW/9+f8A8CJf/i6ibSrVl2sZWB7NNKR+ILc0AS6T/wAguy/64x/+gitKowoUALwB2FSUAFFFFABRRRQAUUUUAFFFFABRRRQAUUUUAFFFFABRRRQAUUUUAFFFFABRRRQAUUUUAFFFFABRRRQAUUUUAFFFFABRRRQAUUUUAFFFFABRRRQAUUUUAFFFFABRRRQAUUUUAFFFFABRRRQAUUUUAFFFFAGdq/8AyCb7/rhJ/wCgmqFX9X/5BN9/1wk/9BNUKtCYUUUUyD//0P3K077uj/h/6JauyrjrOCGfTbRJ41kAjjOGAIztqX+ztO/59ov++BVWFc6yiuT/ALO07/n2i/74FH9nad/z7Rf98CiwXOsork/7O07/AJ9ov++BR/Z2nf8APtF/3wKLBc6yiuT/ALO07/n2i/74FH9nad/z7Rf98CiwXOsork/7O07/AJ9ov++BR/Z2nf8APtF/3wKLBc6yiuT/ALO07/n2i/74FH9nad/z7Rf98CiwXOsork/7O07/AJ9ov++BR/Z2nf8APtF/3wKLBc6yiuT/ALO07/n2i/74FH9nad/z7Rf98CiwXOsork/7O07/AJ9ov++BR/Z2nf8APtF/3wKLBc6yiuT/ALO07/n2i/74FH9nad/z7Rf98CiwXOsork/7O07/AJ9ov++BR/Z2nf8APtF/3wKLBc6yiuT/ALO07/n2i/74FH9nad/z7Rf98CiwXOsork/7O07/AJ9ov++BR/Z2nf8APtF/3wKLBc6yiuT/ALO07/n2i/74FH9nad/z7Rf98CiwXOsork/7O07/AJ9ov++BR/Z2nf8APtF/3wKLBc6yiuT/ALO07/n2i/74FH9nad/z7Rf98CiwXOsork/7O07/AJ9ov++BR/Z2nf8APtF/3wKLBc6yiuT/ALO07/n2i/74FH9nad/z7Rf98CiwXOsork/7O07/AJ9ov++BR/Z2nf8APtF/3wKLBc6yiuT/ALO07/n2i/74FH9nad/z7Rf98CiwXOsork/7O07/AJ9ov++BR/Z2nf8APtF/3wKLBc6yiuT/ALO07/n2i/74FH9nad/z7Rf98CiwXOsork/7O07/AJ9ov++BR/Z2nf8APtF/3wKLBc6yiuT/ALO07/n2i/74FH9nad/z7Rf98CiwXOsork/7O07/AJ9ov++BR/Z2nf8APtF/3wKLBc6yiuT/ALO07/n2i/74FH9nad/z7Rf98CiwXOsork/7O07/AJ9ov++BR/Z2nf8APtF/3wKLBc6yiuT/ALO07/n2i/74FH9nad/z7Rf98CiwXOsork/7O07/AJ9ov++BR/Z2nf8APtF/3wKLBc6yiuT/ALO07/n2i/74FH9nad/z7Rf98CiwXOsork/7O07/AJ9ov++BR/Z2nf8APtF/3wKLBc6yiuT/ALO07/n2i/74FH9nad/z7Rf98CiwXOsork/7O07/AJ9ov++BR/Z2nf8APtF/3wKLBc6yiuT/ALO07/n2i/74FH9nad/z7Rf98CiwXOsork/7O07/AJ9ov++BR/Z2nf8APtF/3wKLBc6yiuT/ALO07/n2i/74FH9nad/z7Rf98CiwXOsork/7O07/AJ9ov++BR/Z2nf8APtF/3wKLBc6yiuT/ALO07/n2i/74FH9nad/z7Rf98CiwXOsork/7O07/AJ9ov++BR/Z2nf8APtF/3wKLBc6yiuT/ALO07/n2i/74FH9nad/z7Rf98CiwXOsork/7O07/AJ9ov++BR/Z2nf8APtF/3wKLBc6yiuT/ALO07/n2i/74FH9nad/z7Rf98CiwXOsork/7O07/AJ9ov++BR/Z2nf8APtF/3wKLBc6yiuT/ALO07/n2i/74FH9nad/z7Rf98CiwXOsork/7O07/AJ9ov++BR/Z2nf8APtF/3wKLBc6yiuT/ALO07/n2i/74FH9nad/z7Rf98CiwXOsork/7O07/AJ9ov++BR/Z2nf8APtF/3wKLBc6yiuT/ALO07/n2i/74FH9nad/z7Rf98CiwXOsork/7O07/AJ9ov++BR/Z2nf8APtF/3wKLBc6yiuT/ALO07/n2i/74FH9nad/z7Rf98CiwXOsork/7O07/AJ9ov++BR/Z2nf8APtF/3wKLBc6yiuT/ALO07/n2i/74FH9nad/z7Rf98CiwXOsork/7O07/AJ9ov++BR/Z2nf8APtF/3wKLBc6yiuT/ALO07/n2i/74FH9nad/z7Rf98CiwXOsork/7O07/AJ9ov++BR/Z2nf8APtF/3wKLBc6yiuT/ALO07/n2i/74FH9nad/z7Rf98CiwXOsork/7O07/AJ9ov++BR/Z2nf8APtF/3wKLBc6yiuT/ALO07/n2i/74FH9nad/z7Rf98CiwXOsork/7O07/AJ9ov++BR/Z2nf8APtF/3wKLBc6yiuT/ALO07/n2i/74FH9nad/z7Rf98CiwXOsork/7O07/AJ9ov++BR/Z2nf8APtF/3wKLBc6yiuT/ALO07/n2i/74FH9nad/z7Rf98CiwXOsork/7O07/AJ9ov++BR/Z2nf8APtF/3wKLBc6yiuT/ALO07/n2i/74FH9nad/z7Rf98CiwXOsork/7O07/AJ9ov++BR/Z2nf8APtF/3wKLBc6yiuT/ALO07/n2i/74FH9nad/z7Rf98CiwXOsork/7O07/AJ9ov++BR/Z2nf8APtF/3wKLBc6yiuT/ALO07/n2i/74FH9nad/z7Rf98CiwXOsork/7O07/AJ9ov++BR/Z2nf8APtF/3wKLBc29X/5BN9/1wk/9BNUKp/2dp3/PtF/3wKuVRLYUUUUCP//R/cmz8xrHT4IzsedUXdjOB5ZJ/lW1/ZL/APP7N+UX/wAbrG077uj/AIf+iWrsqpiRjf2S/wDz+zflF/8AG6P7Jf8A5/Zvyi/+N1s0UXCxjf2S/wDz+zflF/8AG6P7Jf8A5/Zvyi/+N1s0UXCxjf2S/wDz+zflF/8AG6P7Jf8A5/Zvyi/+N1rjtXns/wASPB1vrt34Yn1D/iZ2M1nBLB5UpcSah/qAMLhtwyTtzsUFnwoJoV27Iq2l+x1f9kv/AM/s35Rf/G6P7Jf/AJ/Zvyi/+N1s0UXJsY39kv8A8/s35Rf/ABuj+yX/AOf2b8ov/jdbNFFwsY39kv8A8/s35Rf/ABuj+yX/AOf2b8ov/jdbNFFwsY39kv8A8/s35Rf/ABuj+yX/AOf2b8ov/jdbNFFwsY39kv8A8/s35Rf/ABuj+yX/AOf2b8ov/jdbNFFwsY39kv8A8/s35Rf/ABuj+yX/AOf2b8ov/jdbNFFwsY39kv8A8/s35Rf/ABuj+yX/AOf2b8ov/jdbNFFwsY39kv8A8/s35Rf/ABuj+yX/AOf2b8ov/jdbNFFwsY39kv8A8/s35Rf/ABuj+yX/AOf2b8ov/jdbNFFwsY39kv8A8/s35Rf/ABuj+yX/AOf2b8ov/jdbNFFwsY39kv8A8/s35Rf/ABuj+yX/AOf2b8ov/jdbNFFwsY39kv8A8/s35Rf/ABuj+yX/AOf2b8ov/jdbNFFwsY39kv8A8/s35Rf/ABuj+yX/AOf2b8ov/jdbNFFwsY39kv8A8/s35Rf/ABuj+yX/AOf2b8ov/jdbNFFwsY39kv8A8/s35Rf/ABuj+yX/AOf2b8ov/jdbNFFwsY39kv8A8/s35Rf/ABuj+yX/AOf2b8ov/jdbNFFwsY39kv8A8/s35Rf/ABuj+yX/AOf2b8ov/jdbNFFwsY39kv8A8/s35Rf/ABuj+yX/AOf2b8ov/jdbNFFwsY39kv8A8/s35Rf/ABuj+yX/AOf2b8ov/jdbNFFwsY39kv8A8/s35Rf/ABuj+yX/AOf2b8ov/jdbNFFwsY39kv8A8/s35Rf/ABuj+yX/AOf2b8ov/jdbNFFwsY39kv8A8/s35Rf/ABuj+yX/AOf2b8ov/jdbNFFwsY39kv8A8/s35Rf/ABuj+yX/AOf2b8ov/jdbNFFwsY39kv8A8/s35Rf/ABuj+yX/AOf2b8ov/jdbNFFwsY39kv8A8/s35Rf/ABuj+yX/AOf2b8ov/jdbNFFwsY39kv8A8/s35Rf/ABuj+yX/AOf2b8ov/jdbNFFwsY39kv8A8/s35Rf/ABuj+yX/AOf2b8ov/jdbNFFwsY39kv8A8/s35Rf/ABuj+yX/AOf2b8ov/jdbNFFwsY39kv8A8/s35Rf/ABuj+yX/AOf2b8ov/jdbNFFwsY39kv8A8/s35Rf/ABuj+yX/AOf2b8ov/jdbNFFwsY39kv8A8/s35Rf/ABuj+yX/AOf2b8ov/jdbNFFwsY39kv8A8/s35Rf/ABuj+yX/AOf2b8ov/jdbNFFwsY39kv8A8/s35Rf/ABuj+yX/AOf2b8ov/jdbNFFwsY39kv8A8/s35Rf/ABuj+yX/AOf2b8ov/jdbNFFwsY39kv8A8/s35Rf/ABuj+yX/AOf2b8ov/jdbNFFwsY39kv8A8/s35Rf/ABuj+yX/AOf2b8ov/jdbNFFwsY39kv8A8/s35Rf/ABuj+yX/AOf2b8ov/jdbNFFwsY39kv8A8/s35Rf/ABuj+yX/AOf2b8ov/jdbNFFwsY39kv8A8/s35Rf/ABuj+yX/AOf2b8ov/jdbNFFwsY39kv8A8/s35Rf/ABuj+yX/AOf2b8ov/jdbNFFwsY39kv8A8/s35Rf/ABuj+yX/AOf2b8ov/jdbNFFwsY39kv8A8/s35Rf/ABuj+yX/AOf2b8ov/jdbNFFwsY39kv8A8/s35Rf/ABuj+yX/AOf2b8ov/jdbNFFwsY39kv8A8/s35Rf/ABuj+yX/AOf2b8ov/jdbNFFwsY39kv8A8/s35Rf/ABuj+yX/AOf2b8ov/jdbNFFwsY39kv8A8/s35Rf/ABuj+yX/AOf2b8ov/jdbNFFwsY39kv8A8/s35Rf/ABuj+yX/AOf2b8ov/jdbNFFwsY39kv8A8/s35Rf/ABuj+yX/AOf2b8ov/jdbNFFwsY39kv8A8/s35Rf/ABuj+yX/AOf2b8ov/jdbNFFwsY39kv8A8/s35Rf/ABuj+yX/AOf2b8ov/jdbNFFwsY39kv8A8/s35Rf/ABuj+yX/AOf2b8ov/jdbNFFwsY39kv8A8/s35Rf/ABuj+yX/AOf2b8ov/jdbNFFwsY39kv8A8/s35Rf/ABuj+yX/AOf2b8ov/jdbNFFwsY39kv8A8/s35Rf/ABuj+yX/AOf2b8ov/jdbNFFwsY39kv8A8/s35Rf/ABuj+yX/AOf2b8ov/jdbNFFwsY39kv8A8/s35Rf/ABuj+yX/AOf2b8ov/jdbNFFwsY39kv8A8/s35Rf/ABuj+yX/AOf2b8ov/jdbNFFwsY39kv8A8/s35Rf/ABuj+yX/AOf2b8ov/jdbNFFwsY39kv8A8/s35Rf/ABuj+yX/AOf2b8ov/jdbNFFwsY39kv8A8/s35Rf/ABuj+yX/AOf2b8ov/jdbNFFwsY39kv8A8/s35Rf/ABuj+yX/AOf2b8ov/jdbNFFwsY39kv8A8/s35Rf/ABuj+yX/AOf2b8ov/jdbNFFwsY39kv8A8/s35Rf/ABuj+yX/AOf2b8ov/jdbNFFwsY39kv8A8/s35Rf/ABuj+yX/AOf2b8ov/jdbNFFwsY39kv8A8/s35Rf/ABuj+yX/AOf2b8ov/jdbNFFwsczdWctnay3S3MkhiUuVkEeCAMkfKgNTVf1f/kE33/XCT/0E1QpoGFFFFMg//9L9ytO+7o/4f+iWrsq43Tvu6P8Ah/6JauyqmJHifxp8ba94I8N2V34cazgvb/UILMTagxS2iEisxkkK8hV2fN7ZrgNZ+NerX9pfXngyW1urb+0dPs7RlgMlxOLu28xo447ie3iE/mZX9/LCsQDeYDIPLb3fxZ4I8LeObK007xbYrqNtY3cF7FFIzBBcW7bo2IQjcAf4Wyp7g1zN/wDB34c6iusx3WjBR4hvF1C+8ueaLzbsReR5n7t12kx8MFwGyS2SSTENrS73+Wmn5vsW99O3466/keS+Hvin8S9fubHwvPbxaZqj65eaZdTS2ymeOC3s47tHNul1JCDiQK7rcSg4BjjPmfun3XxI+KM3wn1L4nWkul2y+GrPWJLuM280n2270e5nhIRfOHkQypAzfeldWcDJEf7z3e28DeF7PWj4htrDZftcy3hk8yQ/6RNCttI+C23mKNVxjHGQMkmov+FfeEh4T1DwKtj/AMSLVRfi6t/Ml/eDUZJJLr95u8weY0rnhhjPy4wMdCktHbtf1tZ/LsRTupJz2u/uvdfO2h5RrXjj4l+HfiFp+lazJpyaJ4ju54tHhtYHuLqcW9i10Ypnkmh8mRjDL8yxTpt2r8rHNeReAfiH4j8Z63ofjOw0nT59Y8WWU8FrqF5pElmiXYs5riEWt2ZpZZbVfIdJhtBbcsi/KcH65v8AwP4Yv/EmneK7uyMmqaQMWsvmyhUBR48+WH2MQsrgFlJG44pbPwR4W0+Hw/bWdjsj8M5OnL5kn7nMLW56t837uRh827rn72DTjKKT06W/P89CGpWVn2v+v/A7nj+mfE7xxqth4GsbSDTxrniZdVFwr+Y8cZ0+KURyjBUiPzxEJDtP38AAkVzXhz4y/EbWtc8NaFFZ2Mk9zd6vpmpSfOIEvbP7YbaMSD5stHaeZJiP5VdTj51FexaF8F/hp4Z1q38SaJootdUt2lkW4WaZ5C8plyZN7nzNvnyiMPuESsVj2rxW1pnw58HaNJbSaZpy25tNSu9WQq8mft16JVnmf5vmLCaQYbKgEYA2rieaPb+tf8/vSLStp/W3+a/E5rwVr3jL/hN9Z8EeMLyz1CXTtN0zUVuLS2a2G+/ku4pYtjSS5VWtdyHIbDYbOMn2UnbXN23h3SbfxDeeKIoManf29vaTS7z88Fs8skSbc7RtaeQ5Ayd3JOBjpPvUpNN6FvfTy/JX/EdRRRWRIUUUUAFFFFABRRRQAUUUUAFFFFABRRRQAUUUUAFFFFABRRRQAUUUUAFFFFABRRRQAUUUUAFFFFABRRRQAUUUUAFFFFABRRRQAUUUUAFFFFABRRRQAUUUUAFFFFABRRRQAUUUUAFFFFABRRRQAUUUUAFFFFABRRRQAUUUUAFFFFABRRRQAUUUUAFFFFABRRRQAUUUUAFFFFABRRRQAUUUUAFFFFABRRRQAUUUUAFFFFABRRRQAUUUUAFFFFABRRRQAUUUUAFFFFABRRRQAUUUUAFFFFABRRRQAUUUUAFFFFABRRRQAUUUUAFFFFABRRRQAUUUUAFFFFAGdq//ACCb7/rhJ/6CaoVf1f8A5BN9/wBcJP8A0E1Qq0JhRRRTIP/T/cezLiHSREAX4wCcD/Ut3w1dVvvv+eUf/fw//EVzGnfd0f8AD/0S1dlVMSKm++/55R/9/D/8RRvvv+eUf/fw/wDxFW6KkZU333/PKP8A7+H/AOIo333/ADyj/wC/h/8AiKt0UAVN99/zyj/7+H/4ijfff88o/wDv4f8A4irdFAFTfff88o/+/h/+Io333/PKP/v4f/iKt0UAVN99/wA8o/8Av4f/AIijfff88o/+/h/+Iq3RQBU333/PKP8A7+H/AOIo333/ADyj/wC/h/8AiKt0UAVN99/zyj/7+H/4ijfff88o/wDv4f8A4irdFAFTfff88o/+/h/+Io333/PKP/v4f/iKt0UAVN99/wA8o/8Av4f/AIijfff88o/+/h/+Iq3RQBU333/PKP8A7+H/AOIo333/ADyj/wC/h/8AiKt0UAVN99/zyj/7+H/4ijfff88o/wDv4f8A4irdFAFTfff88o/+/h/+Io333/PKP/v4f/iKt0UAVN99/wA8o/8Av4f/AIijfff88o/+/h/+Iq3RQBU333/PKP8A7+H/AOIo333/ADyj/wC/h/8AiKt0UAVN99/zyj/7+H/4ijfff88o/wDv4f8A4irdFAFTfff88o/+/h/+Io333/PKP/v4f/iKt0UAVN99/wA8o/8Av4f/AIijfff88o/+/h/+Iq3RQBU333/PKP8A7+H/AOIo333/ADyj/wC/h/8AiKt0UAVN99/zyj/7+H/4ijfff88o/wDv4f8A4irdFAFTfff88o/+/h/+Io333/PKP/v4f/iKt0UAVN99/wA8o/8Av4f/AIijfff88o/+/h/+Iq3RQBU333/PKP8A7+H/AOIo333/ADyj/wC/h/8AiKt0UAVN99/zyj/7+H/4ijfff88o/wDv4f8A4irdFAFTfff88o/+/h/+Io333/PKP/v4f/iKt0UAVN99/wA8o/8Av4f/AIijfff88o/+/h/+Iq3RQBU333/PKP8A7+H/AOIo333/ADyj/wC/h/8AiKt0UAVN99/zyj/7+H/4ijfff88o/wDv4f8A4irdFAFTfff88o/+/h/+Io333/PKP/v4f/iKt0UAVN99/wA8o/8Av4f/AIijfff88o/+/h/+Iq3RQBU333/PKP8A7+H/AOIo333/ADyj/wC/h/8AiKt0UAVN99/zyj/7+H/4ijfff88o/wDv4f8A4irdFAFTfff88o/+/h/+Io333/PKP/v4f/iKt0UAVN99/wA8o/8Av4f/AIijfff88o/+/h/+Iq3RQBU333/PKP8A7+H/AOIo333/ADyj/wC/h/8AiKt0UAVN99/zyj/7+H/4ijfff88o/wDv4f8A4irdFAFTfff88o/+/h/+Io333/PKP/v4f/iKt0UAVN99/wA8o/8Av4f/AIijfff88o/+/h/+Iq3RQBU333/PKP8A7+H/AOIo333/ADyj/wC/h/8AiKt0UAVN99/zyj/7+H/4ijfff88o/wDv4f8A4irdFAFTfff88o/+/h/+Io333/PKP/v4f/iKt0UAVN99/wA8o/8Av4f/AIijfff88o/+/h/+Iq3RQBU333/PKP8A7+H/AOIo333/ADyj/wC/h/8AiKt0UAVN99/zyj/7+H/4ijfff88o/wDv4f8A4irdFAFTfff88o/+/h/+Io333/PKP/v4f/iKt0UAVN99/wA8o/8Av4f/AIijfff88o/+/h/+Iq3RQBU333/PKP8A7+H/AOIo333/ADyj/wC/h/8AiKt0UAVN99/zyj/7+H/4ijfff88o/wDv4f8A4irdFAFTfff88o/+/h/+Io333/PKP/v4f/iKt0UAVN99/wA8o/8Av4f/AIijfff88o/+/h/+Iq3RQBU333/PKP8A7+H/AOIo333/ADyj/wC/h/8AiKt0UAVN99/zyj/7+H/4ijfff88o/wDv4f8A4irdFAFTfff88o/+/h/+Io333/PKP/v4f/iKt0UAVN99/wA8o/8Av4f/AIijfff88o/+/h/+Iq3RQBU333/PKP8A7+H/AOIo333/ADyj/wC/h/8AiKt0UAVN99/zyj/7+H/4ijfff88o/wDv4f8A4irdFAFTfff88o/+/h/+Io333/PKP/v4f/iKt0UAVN99/wA8o/8Av4f/AIijfff88o/+/h/+Iq3RQBU333/PKP8A7+H/AOIo333/ADyj/wC/h/8AiKt0UAVN99/zyj/7+H/4ijfff88o/wDv4f8A4irdFAFTfff88o/+/h/+Io333/PKP/v4f/iKt0UAVN99/wA8o/8Av4f/AIijfff88o/+/h/+Iq3RQBU333/PKP8A7+H/AOIo333/ADyj/wC/h/8AiKt0UAVN99/zyj/7+H/4ijfff88o/wDv4f8A4irdFAFTfff88o/+/h/+Io333/PKP/v4f/iKt0UAVN99/wA8o/8Av4f/AIijfff88o/+/h/+Iq3RQBU333/PKP8A7+H/AOIo333/ADyj/wC/h/8AiKt0UAVN99/zyj/7+H/4ijfff88o/wDv4f8A4irdFAFTfff88o/+/h/+Io333/PKP/v4f/iKt0UAYWqvdnS7zfEgHkyZIcn+E/7NMq/q/wDyCb7/AK4Sf+gmqFWhMKKKKZB//9T9ytO+7o/4f+iWrsq43Tvu6P8Ah/6JauyqmJDA3al9xXnfj74meEfhjp1vq3jK7a0trqXyI2WJ5cyYLYxGCegP5V5X/wANcfA3/oMzf+Ac/wD8RXTTwtaouaEG15JnNPFUab5ZzSfm0fS1FfNX/DW3wO/6DM3/AIBz/wDxNH/DW3wO/wCgzN/4Bz//ABNa/UMT/wA+5fczP69hv+fkfvR9K0V81f8ADW3wO/6DM3/gHP8A/E0f8NbfA7/oMzf+Ac//AMTR9QxP/PuX3MPr2G/5+R+9H0rRXzV/w1t8Dv8AoMzf+Ac//wATR/w1t8Dv+gzN/wCAc/8A8TR9QxP/AD7l9zD69hv+fkfvR9L4J60YI6V80/8ADW/wM/6DM3/gHP8A/EVPqf7Unwc0bU7vSNS1aaK7sppIJl+yTNskjcqw3qjKdpB5BxS+p4i9uR/cw+vYe1/aR+9H0bRXzV/w1t8Dv+gzN/4Bz/8AxNH/AA1t8Dv+gzN/4Bz/APxNP6hif+fcvuYfXsN/z8j96PpWivmr/hrb4Hf9Bmb/AMA5/wD4mj/hrb4Hf9Bmb/wDn/8AiaPqGJ/59y+5h9ew3/PyP3o+laK+av8Ahrb4Hf8AQZm/8A5//iaP+Gtvgd/0GZv/AADn/wDiaPqGJ/59y+5h9ew3/PyP3o+laK+av+Gtvgd/0GZv/AOf/wCJo/4a2+B3/QZm/wDAOf8A+Jo+oYn/AJ9y+5h9ew3/AD8j96PpWivmr/hrb4Hf9Bmb/wAA5/8A4mj/AIa2+B3/AEGZv/AOf/4mj6hif+fcvuYfXsN/z8j96PpWivmr/hrb4Hf9Bmb/AMA5/wD4mj/hrb4Hf9Bmb/wDn/8AiaPqGJ/59y+5h9ew3/PyP3o+laK+av8Ahrb4Hf8AQZm/8A5//iaP+Gtvgd/0GZv/AADn/wDiaPqGJ/59y+5h9ew3/PyP3o+lsGjaa+cbT9qP4NX0F3eW2rzGLToRPcH7JONkZlSEHlef3kijC5PPoDVb/hrj4G/9Bmb/AMA5/wD4ip+pYh/Yf3MPr2GX/LyP3o+lqK+av+Gtvgd/0GZv/AOf/wCJo/4a2+B3/QZm/wDAOf8A+JqvqGJ/59y+5h9ew3/PyP3o+laK+av+Gtvgd/0GZv8AwDn/APiaP+Gtvgd/0GZv/AOf/wCJo+oYn/n3L7mH17Df8/I/ej6Vor5q/wCGtvgd/wBBmb/wDn/+Jo/4a2+B3/QZm/8AAOf/AOJo+oYn/n3L7mH17Df8/I/ej6Vor5q/4a2+B3/QZm/8A5//AImj/hrb4Hf9Bmb/AMA5/wD4mj6hif8An3L7mH17Df8APyP3o+laK+av+Gtvgd/0GZv/AADn/wDiaP8Ahrb4Hf8AQZm/8A5//iaPqGJ/59y+5h9ew3/PyP3o+laK+av+Gtvgd/0GZv8AwDn/APiaP+Gtvgd/0GZv/AOf/wCJo+oYn/n3L7mH17Df8/I/ej6Vor5q/wCGtvgd/wBBmb/wDn/+Jo/4a2+B3/QZm/8AAOf/AOJo+oYn/n3L7mH17Df8/I/ej6WwaMGvnCT9qL4MxabBrDarMtpczTQRt9km5kt1jeQY27htEqckY546HEH/AA1t8DP+gzN/4Cz/APxFJYLEPam/uYPHYdb1I/ej6Vor5q/4a2+B3/QZm/8AAOf/AOJo/wCGtvgd/wBBmb/wDn/+Jp/UMT/z7l9zD69hv+fkfvR9K0V81f8ADW3wO/6DM3/gHP8A/E0f8NbfA7/oMzf+Ac//AMTR9QxP/PuX3MPr2G/5+R+9H0rRXzV/w1t8Dv8AoMzf+Ac//wATR/w1t8Dv+gzN/wCAc/8A8TR9QxP/AD7l9zD69hv+fkfvR9K0V81f8NbfA7/oMzf+Ac//AMTR/wANbfA7/oMzf+Ac/wD8TR9QxP8Az7l9zD69hv8An5H70fStFfNX/DW3wO/6DM3/AIBz/wDxNH/DW3wO/wCgzN/4Bz//ABNH1DE/8+5fcw+vYb/n5H70fStFfNX/AA1t8Dv+gzN/4Bz/APxNH/DW3wO/6DM3/gHP/wDE0fUMT/z7l9zD69hv+fkfvR9K0V81f8NbfA7/AKDM3/gHP/8AE0f8NbfA7/oMzf8AgHP/APE0fUMT/wA+5fcw+vYb/n5H70fS2DQc96+cdR/ai+Del3C2l9q80MkkUU4H2SY5juIlmjPC/wAUcinHUZ5wag/4a4+Bv/QZm/8AAO4/+N1McHiGrqD+5ieOw6dnUX3o+lKK+av+Gtvgd/0GZv8AwDn/APiaP+Gtvgd/0GZv/AOf/wCJqvqGJ/59y+5j+vYb/n5H70fStFfNX/DW3wO/6DM3/gHP/wDE0f8ADW3wO/6DM3/gHP8A/E0fUMT/AM+5fcw+vYb/AJ+R+9H0rRXzV/w1t8Dv+gzN/wCAc/8A8TR/w1t8Dv8AoMzf+Ac//wATR9QxP/PuX3MPr2G/5+R+9H0rRXzV/wANbfA7/oMzf+Ac/wD8TR/w1t8Dv+gzN/4Bz/8AxNH1DE/8+5fcw+vYb/n5H70fStFfNX/DW3wO/wCgzN/4Bz//ABNH/DW3wO/6DM3/AIBz/wDxNH1DE/8APuX3MPr2G/5+R+9H0rRXzV/w1t8Dv+gzN/4Bz/8AxNH/AA1t8Dv+gzN/4Bz/APxNH1DE/wDPuX3MPr2G/wCfkfvR9LYNLgjpXzR/w1v8Dv8AoMzf+Ac//wAbqxpn7Unwc1nU7TSNM1aaa7vZo4IU+yzLvkkcIo3MiqNxI5JxQ8FiFq4P7mCx2HbsqkfvR9G0V81f8NbfA7/oMzf+Ac//AMTR/wANbfA7/oMzf+Ac/wD8TR9QxP8Az7l9zD69hv8An5H70fStFfNX/DW3wO/6DM3/AIBz/wDxNH/DW3wO/wCgzN/4Bz//ABNH1DE/8+5fcw+vYb/n5H70fStFfNX/AA1t8Dv+gzN/4Bz/APxNH/DW3wO/6DM3/gHP/wDE0fUMT/z7l9zD69hv+fkfvR9K0V81f8NbfA7/AKDM3/gHP/8AE0f8NbfA7/oMzf8AgHP/APE0fUMT/wA+5fcw+vYb/n5H70fStFfNX/DW3wO/6DM3/gHP/wDE0f8ADW3wO/6DM3/gHP8A/E0fUMT/AM+5fcw+vYb/AJ+R+9H0rRXzV/w1t8Dv+gzN/wCAc/8A8TR/w1t8Dv8AoMzf+Ac//wATR9QxP/PuX3MPr2G/5+R+9H0rRXzV/wANbfA7/oMzf+Ac/wD8TR/w1t8Dv+gzN/4Bz/8AxNH1DE/8+5fcw+vYb/n5H70fS2DS4I6V80f8Nb/A7/oMzf8AgHP/APG6sad+1H8G9UuHtLHV5ppI4pZyPsk4/d28TTSHlP4Y0Y46nHGTUvBYhauD+5gsdh27KpH70fRtFfNX/DW3wO/6DM3/AIBz/wDxNH/DW3wO/wCgzN/4Bz//ABNV9QxP/PuX3MPr2G/5+R+9H0rRXzV/w1t8Dv8AoMzf+Ac//wATR/w1t8Dv+gzN/wCAc/8A8TR9QxP/AD7l9zD69hv+fkfvR9K0V81f8NbfA7/oMzf+Ac//AMTR/wANbfA7/oMzf+Ac/wD8TR9QxP8Az7l9zD69hv8An5H70fStFfNX/DW3wO/6DM3/AIBz/wDxNH/DW3wO/wCgzN/4Bz//ABNH1DE/8+5fcw+vYb/n5H70fStFfNX/AA1t8Dv+gzN/4Bz/APxNH/DW3wO/6DM3/gHP/wDE0fUMT/z7l9zD69hv+fkfvR9K0V81f8NbfA7/AKDM3/gHP/8AE0f8NbfA7/oMzf8AgHP/APE0fUMT/wA+5fcw+vYb/n5H70fStFfNX/DW3wO/6DM3/gHP/wDE0f8ADW3wO/6DM3/gHP8A/E0fUMT/AM+5fcw+vYb/AJ+R+9H0tg0YbtXzT/w1t8DP+gzN/wCAs/8A8RU8f7UXwal02fV11WZrS1mhgkb7JNxJcLI8Yxt3HcIn5Axxz1GR4LELem/uBY7DvapH70fR1FfNX/DW3wO/6DM3/gHP/wDE0f8ADW3wO/6DM3/gHP8A/E0fUMT/AM+5fcw+vYb/AJ+R+9H0rRXzV/w1t8Dv+gzN/wCAc/8A8TR/w1t8Dv8AoMzf+Ac//wATR9QxP/PuX3MPr2G/5+R+9H0rRXzV/wANbfA7/oMzf+Ac/wD8TR/w1t8Dv+gzN/4Bz/8AxNH1DE/8+5fcw+vYb/n5H70fStFfNX/DW3wO/wCgzN/4Bz//ABNH/DW3wO/6DM3/AIBz/wDxNH1DE/8APuX3MPr2G/5+R+9H0rRXzV/w1t8Dv+gzN/4Bz/8AxNH/AA1t8Dv+gzN/4Bz/APxNH1DE/wDPuX3MPr2G/wCfkfvR9K0V81f8NbfA7/oMzf8AgHP/APE0f8NbfA7/AKDM3/gHP/8AE0fUMT/z7l9zD69hv+fkfvR9K0V81f8ADW3wO/6DM3/gHP8A/E0f8NbfA7/oMzf+Ac//AMTR9QxP/PuX3MPr2G/5+R+9H0vtNJg180/8Nb/A7/oMzf8AgHP/APG6sXf7UnwasbezvLrV5hDqUJntj9knO+MSvCTwvHzxsMNg8ehFT9RxC+w/uYvr2Gf/AC8j96Po2ivmr/hrb4Hf9Bmb/wAA5/8A4mj/AIa2+B3/AEGZv/AOf/4mq+oYn/n3L7mP69hv+fkfvR9K0V81f8NbfA7/AKDM3/gHP/8AE0f8NbfA7/oMzf8AgHP/APE0fUMT/wA+5fcw+vYb/n5H70fStFfNX/DW3wO/6DM3/gHP/wDE0f8ADW3wO/6DM3/gHP8A/E0fUMT/AM+5fcw+vYb/AJ+R+9H0rRXzV/w1t8Dv+gzN/wCAc/8A8TR/w1t8Dv8AoMzf+Ac//wATR9QxP/PuX3MPr2G/5+R+9H0rRXzV/wANbfA7/oMzf+Ac/wD8TR/w1t8Dv+gzN/4Bz/8AxNH1DE/8+5fcw+vYb/n5H70fStFfNX/DW3wO/wCgzN/4Bz//ABNH/DW3wO/6DM3/AIBz/wDxNH1DE/8APuX3MPr2G/5+R+9H0rRXzV/w1t8Dv+gzN/4Bz/8AxNH/AA1t8Dv+gzN/4Bz/APxNH1DE/wDPuX3MPr2G/wCfkfvR9LDP1pxx3r5m/wCGtfgV/wBBib/wEn/+Ir6Otp0ubeK6jHEqhhn0PNc9XD1aVvaRav3VjaliKVW/s5J27O5Fq/8AyCb7/rhJ/wCgmqFX9X/5BN9/1wk/9BNUKyRuwooopkH/1f3K077uj/h/6JauyrjdO+7o/wCH/olq7KqYkfEf7cv/ACT3Qf8AsKD/ANES1+X9fqB+3L/yT3Qf+woP/REtfl/X6tkH+6L1Z+T59/vb9EFFFFfUHygUUUUAFFdF4d8P/wDCQvqKfbILP+z7K4vcznHm/Z0z5S+rN0UVztTdN2L5Xa4V3PxO/wCSleLf+wvf/wDo564au5+J3/JSvFv/AGF7/wD9HPWU/wCMvR/odC/hP1X6nDUUUVucgUUUUAFFFFABRRRQAUUVLNDNbymGdGjkQ4ZWGCPqKAIqKKvWmmalqCO9haTXSRtGrNEjuEeQ7VB2jgseF/vGgNyjRTpI3ikMcoKOhKsrDBBHUEU2gDuvCX/IB8af9giL/wBOdlXC13XhL/kA+NP+wRF/6c7KuFrmpfHL1/RHVV+CPp+rCiiiuk5QooooAKKK6PxX4e/4RfXrjQvtkGoeQsR8+3OYn82JZMA/7O7De4NTzK/KXyu1znKKKApYhVBJPAA71RAUVJJFLDIYZkZHQ4ZWGCD6EVHQAUVo2ej6vqMfnWFnPcpuEe6KNnHmH5wuUHVsHis6i8SrBRRRQSd1ff8AJN9C/wCwvq//AKT2FcLXdX3/ACTfQv8AsL6v/wCk9hXC1zUvg+b/ADZ1Yj4l6L8kFFFFdJyhRRRQAUUV0mr+HH0jRNG1p7uGX+2Y5ZPJU5lg8qQriQdiwxIvsQ1KUkrX6/8AD/oaqDabXQ5uirVnZXmoXCWdhBJczyZ2xxAyOcDccBPm6AmrSaHrMgJj0+4IWNJTsiY4jk+43To2RtPek2luRytmXRUs8E1tNJbXMbRSxMVkVgQ6Oh2EEN0K1FVEhRRRQAUUUUAdz8Qv+Q/Z/wDYI0X/ANNlvXDV3PxC/wCQ/Z/9gjRf/TZb1w1ZYb+HH0R04j45erCiiitTmCiiigAooooAKKKcqu7BEBck4AAySaAG0U6SN4naOUFHQkMrDBB9DTaACitG10fV76IT2NhPcRGQxho43dDIibimUHXAJx/dG6s6i62Ks1qFdx8Mf+Sk+E/+wvYf+jo64eu4+GP/ACUnwn/2F7D/ANHR1hif4UvRnRQ/iR9UcPRRRW5yhRRRQAUUVo2ej6vqMfnWFnPcpuEe6KNnHmH5wuUHVsHihtLcpK+xnUUUUEhRRRQAUUUUAFFeqa98PtB0bwLp/i+HxTa3t1qEcWLGFAZY53yZI5Cjtt8pcHLKMsdqjvXldZ0q0at+XpodFSlKnbm6q4V3Pw9/5D95/wBgjWv/AE2XFcNXc/D3/kP3n/YI1r/02XFRif4UvRlUP4kfVHDUUUVucoUV97eDbjRfEPw4s/C+jeJQYNHMGl3OpHSyHRNZyGhtHdsj5gInkMOcNuU1zPgX4A6fpniizmvde+z6hFrl/p9iJrPz4riSwBZJCCenDFgeMrtzuOa8P+06UHJTVreuv4dmn8z3P7LqyjGUNeb003638n22PlC88P8A2Tw1p/iP7ZDJ/aE9xD9nU5li+zhfncdg275foa56v0d8f/D7VfiY/hTRPEusm9ktLfU7qePT7b9+9xbywQzRRyT3HlAKzAKWYfdPHOB4PrP7PekWWlapfaZr8t7c2culyxW5tiHNnqrxxxl8Fl8zJfhGP3P9oYnDZjTmkqj1b/Wy6dy8Tl06aco7RV302V3pd7Jo+WqK/QnwJ8LrbwNe6hovh7WYdXttX1k6BqcN5ZGSICOKWVSPLkjyRj5huK/PtI3LXVeK9H8Zap8LNduNZ1O11GOfR5b1g9goty5j+0ExlboN5iqRscw/KV/u4WsHm8ea0FdO3db/ACOqGSVOVubs1fs+rW9+6PzMor7T1D9k+wg1X+y7bxDJkS6fD5jQA5N55u47UO4FQgKg4xu2s20bq4nU/gPoD2c+t+HtauZ9POk6vewrNFH5pn0iaOGSMmKSRSshOVaM/drvjmeHls/wfa/5HnPLcQldx/Fd7fmfOj6Pq8VqL6WynS1MYkErxsE8snaGzjbhjxn1+Ws2vva20vR/iN4E8P8Ag7TfF0ieHLa8t9EuJk094ze3HkmaHYzyNL5asAuGVV3AHAUDGV8K/grfeG9V0/xJp+sBNUxq6rHJZpK+LO5jtEkt1eaP724Fm3DAO1W3HNcv9qQjzKej1stemvbQ3WWVJuPs3dO19vR211V9PkfD1FfoV4z+A3/Ce+NbvV/EWpmJLfT7LK2VoguJHn88ebP5s8qkr5RDMGOVA6YLV8T/ABA8IXHgHxnqvhC5uFu30uby/NVNgcYDIcduCOPmx6mu3C4+GIfIn71r2+7/ADRz4nL6tCPO/hva/wDXozja7qx/5Jvrv/YX0j/0nv64Wu6sf+Sb67/2F9I/9J7+uuv8C9V+aOKju/R/kzhaKKK6DlCiiigAooooAKKK0bbSNWvYRc2dlNPE8hjEkcbuC4XcV3KOqqCceg3UNpasuKb0RnUVoy6Pq8Fv9suLCeODaknmPG4Ty5CQr5xtwxB2nviqs9tc2pVbmJoi4yAwIyPX56nmTFytEFFFFUSFFFFABXdeLf8AkA+C/wDsES/+nO9rha7rxb/yAfBf/YIl/wDTne1hV+KPr+jOun8EvT9UcLRRRW5yBRRRQAUUUUAFFFFABRRRQAUUUUAFFFFABX9BOj/8guy/64x/+giv59q/oJ0f/kF2X/XGP/0EV8DxNvT+f6H6Jwz/AMvfl+o7V/8AkE33/XCT/wBBNUKv6v8A8gm+/wCuEn/oJqhXwCPv2FFFFMg//9b9ytO+7o/4f+iWrsq43Tvu6P8Ah/6JauyqmJHxH+3L/wAk90H/ALCg/wDREtfl/X6gfty/8k90H/sKD/0RLX5f1+rZB/ui9Wfk+ff72/RG/wCFdFTxL4l0vw89wbYandRW/miMyFPNITIQfMx56cfUV9lfEnwf4U0XwN4f0LxF4hMHhfRpruEeRbRXGoS3lvnMIMM8tuu7zH3Z2EbB5mWww+JdK1O/0XU7PWdNl8i8sJo54JAAdkkZDocNuU7SB1rrPFnxL8a+OLf7J4m1AXMH2j7WFEUUQEhjEeQUjVvugDG7HFeji8PWq1Icrslv/wADT1PKwtejSjJyjeT0Xp/wXY+3/hd8EpfA+q+JbS01aPUbbUT/AGYI5bISweXLFFKDcjz45AMTgeWrbTj+8VFeT+KvhCPGHi3R9Y1bxD9ouvElrqkt00Nt5aQXGjRiN4Y0bb+7UrsX2Tdk548Qk+NvxQknNy2uNve9g1E7YIQHuLeJYY2ISPaQsaqNh+TKhsbuaS1+M/xHs9Pk0+DU49k', '1', 1, 10, '2023-11-26 17:43:44', '', '2023-12-27 16:57:27', 1);
INSERT INTO `products` (`id`, `productid`, `barcode`, `productname`, `unit`, `imageproduct`, `status`, `typeproduct`, `numproduct`, `dateinsert`, `nameinsert`, `dateupdate`, `distributor`) VALUES
(19, '1234567890', '1234567890126', 'น้ำ', 1, '', '1', 3, 50, '2023-11-30 16:18:15', 'nameinsert', '2023-11-30 16:18:15', 0),
(20, '123', '', 'ddd', 2, '', '1', 2, 1, '2023-12-15 12:39:14', 'nameinsert', '2023-12-15 12:39:14', 0),
(21, '123', '123456789012', 'asd', 2, '', '1', 3, 123, '2023-12-15 14:00:46', 'nameinsert', '2023-12-15 14:00:46', 0),
(22, '123', '', '11', 1, '', '1', 2, 1, '2023-12-15 15:10:40', 'nameinsert', '2023-12-15 15:10:40', 3);

-- --------------------------------------------------------

--
-- Table structure for table `producttype`
--

CREATE TABLE `producttype` (
  `id` int(11) NOT NULL,
  `nametype` varchar(255) CHARACTER SET utf8 COLLATE utf8_unicode_ci NOT NULL,
  `status` varchar(1) CHARACTER SET utf8 COLLATE utf8_unicode_ci NOT NULL
) ENGINE=InnoDB DEFAULT CHARSET=utf8mb4 COLLATE=utf8mb4_unicode_ci;

--
-- Dumping data for table `producttype`
--

INSERT INTO `producttype` (`id`, `nametype`, `status`) VALUES
(1, 'อุปกรณ์ไอที', '1'),
(2, 'น้ำหมึก', '0'),
(3, 'อื่นๆ', '1');

-- --------------------------------------------------------

--
-- Table structure for table `units`
--

CREATE TABLE `units` (
  `id` int(11) NOT NULL,
  `nameunit` varchar(255) CHARACTER SET utf8 COLLATE utf8_unicode_ci NOT NULL,
  `status` varchar(1) CHARACTER SET utf8 COLLATE utf8_unicode_ci NOT NULL
) ENGINE=InnoDB DEFAULT CHARSET=utf8mb4 COLLATE=utf8mb4_unicode_ci;

--
-- Dumping data for table `units`
--

INSERT INTO `units` (`id`, `nameunit`, `status`) VALUES
(1, 'ชิ้น', '0'),
(2, 'อัน', '1'),
(3, 'แท่ง', '0'),
(4, 'เล่ม', '1');

-- --------------------------------------------------------

--
-- Table structure for table `withdraw`
--

CREATE TABLE `withdraw` (
  `id` int(11) NOT NULL,
  `productid` int(11) NOT NULL,
  `employuse` varchar(255) CHARACTER SET utf8 COLLATE utf8_unicode_ci NOT NULL,
  `numwithdraw` varchar(20) CHARACTER SET utf8 COLLATE utf8_unicode_ci NOT NULL,
  `status` varchar(1) CHARACTER SET utf8 COLLATE utf8_unicode_ci NOT NULL,
  `typewithdraw` varchar(20) CHARACTER SET utf8 COLLATE utf8_unicode_ci NOT NULL,
  `dateinsert` datetime DEFAULT NULL
) ENGINE=InnoDB DEFAULT CHARSET=utf8mb4 COLLATE=utf8mb4_unicode_ci;

--
-- Dumping data for table `withdraw`
--

INSERT INTO `withdraw` (`id`, `productid`, `employuse`, `numwithdraw`, `status`, `typewithdraw`, `dateinsert`) VALUES
(13, 16, 'ฉััน', '3', '1', 'เบิกสินค้า', '2023-11-29 16:28:09'),
(14, 17, 'ฉััน', '1', '1', 'เบิกสินค้า', '2023-11-29 16:28:09'),
(15, 18, 'ฉััน', '1', '1', 'เบิกสินค้า', '2023-11-29 16:28:09'),
(16, 18, 'me too', '2', '1', 'เบิกสินค้า', '2023-11-29 22:31:51'),
(17, 17, 'me too', '7', '1', 'เบิกสินค้า', '2023-11-29 22:31:51'),
(18, 16, 'me too', '1', '1', 'เบิกสินค้า', '2023-11-29 22:31:51'),
(19, 18, 'nong', '2', '1', 'คืนสินค้า', '2023-11-30 22:33:34');

--
-- Indexes for dumped tables
--

--
-- Indexes for table `depart`
--
ALTER TABLE `depart`
  ADD PRIMARY KEY (`id`);

--
-- Indexes for table `distributor`
--
ALTER TABLE `distributor`
  ADD PRIMARY KEY (`id`);

--
-- Indexes for table `employees`
--
ALTER TABLE `employees`
  ADD PRIMARY KEY (`id`),
  ADD KEY `depart` (`depart`);

--
-- Indexes for table `products`
--
ALTER TABLE `products`
  ADD PRIMARY KEY (`id`),
  ADD KEY `unit` (`unit`),
  ADD KEY `typeproduct` (`typeproduct`);

--
-- Indexes for table `producttype`
--
ALTER TABLE `producttype`
  ADD PRIMARY KEY (`id`);

--
-- Indexes for table `units`
--
ALTER TABLE `units`
  ADD PRIMARY KEY (`id`);

--
-- Indexes for table `withdraw`
--
ALTER TABLE `withdraw`
  ADD PRIMARY KEY (`id`),
  ADD KEY `productid` (`productid`);

--
-- AUTO_INCREMENT for dumped tables
--

--
-- AUTO_INCREMENT for table `depart`
--
ALTER TABLE `depart`
  MODIFY `id` int(11) NOT NULL AUTO_INCREMENT, AUTO_INCREMENT=3;

--
-- AUTO_INCREMENT for table `distributor`
--
ALTER TABLE `distributor`
  MODIFY `id` int(11) NOT NULL AUTO_INCREMENT, AUTO_INCREMENT=4;

--
-- AUTO_INCREMENT for table `employees`
--
ALTER TABLE `employees`
  MODIFY `id` int(11) NOT NULL AUTO_INCREMENT, AUTO_INCREMENT=10;

--
-- AUTO_INCREMENT for table `products`
--
ALTER TABLE `products`
  MODIFY `id` int(11) NOT NULL AUTO_INCREMENT, AUTO_INCREMENT=23;

--
-- AUTO_INCREMENT for table `producttype`
--
ALTER TABLE `producttype`
  MODIFY `id` int(11) NOT NULL AUTO_INCREMENT, AUTO_INCREMENT=4;

--
-- AUTO_INCREMENT for table `units`
--
ALTER TABLE `units`
  MODIFY `id` int(11) NOT NULL AUTO_INCREMENT, AUTO_INCREMENT=5;

--
-- AUTO_INCREMENT for table `withdraw`
--
ALTER TABLE `withdraw`
  MODIFY `id` int(11) NOT NULL AUTO_INCREMENT, AUTO_INCREMENT=20;

--
-- Constraints for dumped tables
--

--
-- Constraints for table `employees`
--
ALTER TABLE `employees`
  ADD CONSTRAINT `depart` FOREIGN KEY (`depart`) REFERENCES `depart` (`id`);

--
-- Constraints for table `products`
--
ALTER TABLE `products`
  ADD CONSTRAINT `typeproduct` FOREIGN KEY (`typeproduct`) REFERENCES `producttype` (`id`),
  ADD CONSTRAINT `unit` FOREIGN KEY (`unit`) REFERENCES `units` (`id`);

--
-- Constraints for table `withdraw`
--
ALTER TABLE `withdraw`
  ADD CONSTRAINT `productid` FOREIGN KEY (`productid`) REFERENCES `products` (`id`);
COMMIT;

/*!40101 SET CHARACTER_SET_CLIENT=@OLD_CHARACTER_SET_CLIENT */;
/*!40101 SET CHARACTER_SET_RESULTS=@OLD_CHARACTER_SET_RESULTS */;
/*!40101 SET COLLATION_CONNECTION=@OLD_COLLATION_CONNECTION */;
